As of Date,Company,Account,AU,Currency,Primary Account,Secondary Account,GL Balance,IHub Balance,Balance Difference,Match Status
06-09-2024,Gamma Inc,10006,4,CAD,FIXED ASSETS,DEPRECIATION,27922,27922,0,Match,
06-09-2024,Alpha Corp,10007,8,CAD,BONDS,INTEREST PAYABLE,95947,95947,0,Match,
06-09-2024,Gamma Inc,10009,9,USD,PREPAID EXPENSES,UNBILLED REVENUE,95770,95770,0,Match,
06-09-2024,Gamma Inc,10009,9,USD,PREPAID EXPENSES,UNBILLED REVENUE,74721,74721,0,Match,
07-09-2024,Zeta Group,10004,2,JPY,EQUITY,RETAINED EARNINGS,52694,52694,0,Match,
07-09-2024,Alpha Corp,10004,2,CAD,EQUITY,RETAINED EARNINGS,15013,15013,0,Match,
07-09-2024,Alpha Corp,10007,8,JPY,BONDS,INTEREST PAYABLE,58478,58478,0,Match,
07-09-2024,Zeta Group,10007,8,CAD,BONDS,INTEREST PAYABLE,35085,35085,0,Match,
07-09-2024,Delta LLC,10008,1,JPY,INVENTORY,COST OF GOODS SOLD,7483,7483,0,Match,
07-09-2024,Gamma Inc,10008,1,USD,INVENTORY,COST OF GOODS SOLD,89239,89239,0,Match,
07-09-2024,Zeta Group,10009,9,CAD,PREPAID EXPENSES,UNBILLED REVENUE,1729,1729,0,Match,
07-09-2024,Zeta Group,10009,9,CAD,PREPAID EXPENSES,UNBILLED REVENUE,82203,82203,0,Match,
08-09-2024,Zeta Group,10001,5,USD,LOANS,DEFERRED COSTS,41912,41912,0,Match,
08-09-2024,Zeta Group,10006,4,USD,FIXED ASSETS,DEPRECIATION,58227,58227,0,Match,
09-09-2024,Delta LLC,10001,5,GBP,LOANS,DEFERRED COSTS,95790,95790,0,Match,
09-09-2024,Zeta Group,10003,7,USD,INVESTMENTS,ACCOUNTS RECEIVABLE,11140,11140,0,Match,
09-09-2024,Alpha Corp,10003,7,EUR,INVESTMENTS,ACCOUNTS RECEIVABLE,72681,72681,0,Match,
10-09-2024,Delta LLC,10002,3,USD,CASH,ACCOUNTS PAYABLE,2067,2067,0,Match,
10-09-2024,Zeta Group,10008,1,EUR,INVENTORY,COST OF GOODS SOLD,87338,87338,0,Match,
10-09-2024,Alpha Corp,10009,9,USD,PREPAID EXPENSES,UNBILLED REVENUE,42684,42684,0,Match,
10-09-2024,Beta Ltd,10009,9,GBP,PREPAID EXPENSES,UNBILLED REVENUE,55476,55476,0,Match,
11-09-2024,Beta Ltd,10001,5,USD,LOANS,DEFERRED COSTS,74474,74474,0,Match,
11-09-2024,Zeta Group,10001,5,USD,LOANS,DEFERRED COSTS,31108,31108,0,Match,
11-09-2024,Zeta Group,10006,4,USD,FIXED ASSETS,DEPRECIATION,27297,27297,0,Match,
12-09-2024,Zeta Group,10001,5,JPY,LOANS,DEFERRED COSTS,71915,72915,-1000,Break,
12-09-2024,Delta LLC,10001,5,GBP,LOANS,DEFERRED COSTS,9738,97383,-87645,Break,
12-09-2024,Beta Ltd,10004,2,CAD,EQUITY,RETAINED EARNINGS,7937,79371,-71434,Break,
12-09-2024,Alpha Corp,10006,4,USD,FIXED ASSETS,DEPRECIATION,88785,88785,0,Match,
12-09-2024,Alpha Corp,10007,8,USD,BONDS,INTEREST PAYABLE,84653,84653,0,Match,
12-09-2024,Delta LLC,10009,9,EUR,PREPAID EXPENSES,UNBILLED REVENUE,64089,64089,0,Match,
12-09-2024,Gamma Inc,10010,10,CAD,TAXES,ACCRUED LIABILITIES,26288,26288,0,Match,
12-09-2024,Gamma Inc,10010,10,JPY,TAXES,ACCRUED LIABILITIES,68474,68474,0,Match,
13-09-2024,Gamma Inc,10001,5,USD,LOANS,DEFERRED COSTS,74001,74001,0,Match,
13-09-2024,Zeta Group,10010,10,USD,TAXES,ACCRUED LIABILITIES,29206,29206,0,Match,
14-09-2024,Zeta Group,10001,5,CAD,LOANS,DEFERRED COSTS,25364,25364,0,Match,
14-09-2024,Beta Ltd,10002,3,GBP,CASH,ACCOUNTS PAYABLE,87689,87689,0,Match,
14-09-2024,Delta LLC,10003,7,USD,INVESTMENTS,ACCOUNTS RECEIVABLE,9995,9995,0,Match,
14-09-2024,Beta Ltd,10003,7,CAD,INVESTMENTS,ACCOUNTS RECEIVABLE,85211,85211,0,Match,
14-09-2024,Beta Ltd,10009,9,JPY,PREPAID EXPENSES,UNBILLED REVENUE,17416,17421,-5,Break,
14-09-2024,Delta LLC,10009,9,CAD,PREPAID EXPENSES,UNBILLED REVENUE,72844,72843.41,0.59,Break,
15-09-2024,Delta LLC,10002,3,JPY,CASH,ACCOUNTS PAYABLE,5413,5413,0,Match,
15-09-2024,Alpha Corp,10002,3,CAD,CASH,ACCOUNTS PAYABLE,53475,53475,0,Match,
15-09-2024,Beta Ltd,10007,8,JPY,BONDS,INTEREST PAYABLE,69814,69814,0,Match,
15-09-2024,Beta Ltd,10007,8,EUR,BONDS,INTEREST PAYABLE,57975,57975,0,Match,
15-09-2024,Gamma Inc,10010,10,USD,TAXES,ACCRUED LIABILITIES,57588,57588,0,Match,
15-09-2024,Alpha Corp,10010,10,EUR,TAXES,ACCRUED LIABILITIES,9355,9355,0,Match,
16-09-2024,Zeta Group,10003,7,USD,INVESTMENTS,ACCOUNTS RECEIVABLE,87014,87014,0,Match,
16-09-2024,Gamma Inc,10005,6,GBP,REVENUE,EXPENSES,7719,7719,0,Match,
16-09-2024,Delta LLC,10007,8,EUR,BONDS,INTEREST PAYABLE,29592,29592,0,Match,
16-09-2024,Gamma Inc,10007,8,USD,BONDS,INTEREST PAYABLE,97888,97888,0,Match,
16-09-2024,Beta Ltd,10009,9,EUR,PREPAID EXPENSES,UNBILLED REVENUE,85282,85282,0,Match,
17-09-2024,Zeta Group,10002,3,CAD,CASH,ACCOUNTS PAYABLE,97817,97817,0,Match,
17-09-2024,Gamma Inc,10004,2,GBP,EQUITY,RETAINED EARNINGS,46266,46066,200,Break,
17-09-2024,Alpha Corp,10004,2,EUR,EQUITY,RETAINED EARNINGS,81477,81477,0,Match,
17-09-2024,Delta LLC,10008,1,USD,INVENTORY,COST OF GOODS SOLD,30227,30227,0,Match,
17-09-2024,Alpha Corp,10008,1,JPY,INVENTORY,COST OF GOODS SOLD,34649,34649,0,Match,
18-09-2024,Alpha Corp,10003,7,CAD,INVESTMENTS,ACCOUNTS RECEIVABLE,1271,1271,0,Match,
18-09-2024,Alpha Corp,10005,6,GBP,REVENUE,EXPENSES,30001,30001,0,Match,
18-09-2024,Delta LLC,10007,8,GBP,BONDS,INTEREST PAYABLE,9595,9595,0,Match,
18-09-2024,Alpha Corp,10010,10,GBP,TAXES,ACCRUED LIABILITIES,86322,86322,0,Match,
18-09-2024,Alpha Corp,10010,10,GBP,TAXES,ACCRUED LIABILITIES,67229,67229,0,Match,
19-09-2024,Delta LLC,10002,3,JPY,CASH,ACCOUNTS PAYABLE,78860,78860,0,Match,
19-09-2024,Beta Ltd,10002,3,GBP,CASH,ACCOUNTS PAYABLE,23482,23482,0,Match,
19-09-2024,Alpha Corp,10004,2,EUR,EQUITY,RETAINED EARNINGS,46181,46181,0,Match,
19-09-2024,Alpha Corp,10006,4,CAD,FIXED ASSETS,DEPRECIATION,91532,91532.04,-0.04,Break,
19-09-2024,Beta Ltd,10008,1,USD,INVENTORY,COST OF GOODS SOLD,66341,66341,0,Match,
19-09-2024,Gamma Inc,10008,1,USD,INVENTORY,COST OF GOODS SOLD,72366,72366,0,Match,
20-09-2024,Gamma Inc,10001,5,EUR,LOANS,DEFERRED COSTS,74921,74921,0,Match,
20-09-2024,Zeta Group,10001,5,GBP,LOANS,DEFERRED COSTS,43995,43995,0,Match,
20-09-2024,Delta LLC,10003,7,EUR,INVESTMENTS,ACCOUNTS RECEIVABLE,37367,37367,0,Match,
20-09-2024,Beta Ltd,10003,7,EUR,INVESTMENTS,ACCOUNTS RECEIVABLE,59362,59962,-600,Break,
20-09-2024,Zeta Group,10004,2,EUR,EQUITY,RETAINED EARNINGS,90501,90501,0,Match,
20-09-2024,Alpha Corp,10006,4,GBP,FIXED ASSETS,DEPRECIATION,55567,55567,0,Match,
20-09-2024,Zeta Group,10006,4,JPY,FIXED ASSETS,DEPRECIATION,90270,90270,0,Match,
21-09-2024,Beta Ltd,10002,3,CAD,CASH,ACCOUNTS PAYABLE,2065,2065,0,Match,
22-09-2024,Delta LLC,10004,2,CAD,EQUITY,RETAINED EARNINGS,35878,35878,0,Match,
22-09-2024,Gamma Inc,10004,2,JPY,EQUITY,RETAINED EARNINGS,76826,76826,0,Match,
22-09-2024,Zeta Group,10005,6,CAD,REVENUE,EXPENSES,51953,51954,-1,Break,
22-09-2024,Zeta Group,10008,1,EUR,INVENTORY,COST OF GOODS SOLD,19454,19454,0,Match,
23-09-2024,Gamma Inc,10003,7,USD,INVESTMENTS,ACCOUNTS RECEIVABLE,13726,13726,0,Match,
23-09-2024,Zeta Group,10006,4,USD,FIXED ASSETS,DEPRECIATION,77686,77686,0,Match,
23-09-2024,Zeta Group,10008,1,EUR,INVENTORY,COST OF GOODS SOLD,1178,1178,0,Match,
23-09-2024,Beta Ltd,10008,1,USD,INVENTORY,COST OF GOODS SOLD,54364,54364,0,Match,
23-09-2024,Zeta Group,10010,10,USD,TAXES,ACCRUED LIABILITIES,5267,5267,0,Match,
24-09-2024,Alpha Corp,10002,3,CAD,CASH,ACCOUNTS PAYABLE,32688,32688,0,Match,
24-09-2024,Beta Ltd,10002,3,GBP,CASH,ACCOUNTS PAYABLE,26405,26408,-3,Break,
24-09-2024,Delta LLC,10004,2,EUR,EQUITY,RETAINED EARNINGS,19509,19509,0,Match,
24-09-2024,Beta Ltd,10006,4,JPY,FIXED ASSETS,DEPRECIATION,64673,64673,0,Match,
25-09-2024,Zeta Group,10003,7,EUR,INVESTMENTS,ACCOUNTS RECEIVABLE,90487,90487,0,Match,
25-09-2024,Delta LLC,10009,9,USD,PREPAID EXPENSES,UNBILLED REVENUE,3596,3596,0,Match,
25-09-2024,Delta LLC,10009,9,GBP,PREPAID EXPENSES,UNBILLED REVENUE,16434,16434,0,Match,
26-09-2024,Alpha Corp,10006,4,GBP,FIXED ASSETS,DEPRECIATION,97291,97291,0,Match,
27-09-2024,Beta Ltd,10006,4,GBP,FIXED ASSETS,DEPRECIATION,98905,98905,0,Match,
27-09-2024,Zeta Group,10008,1,EUR,INVENTORY,COST OF GOODS SOLD,34236,34236,0,Match,
28-09-2024,Beta Ltd,10002,3,JPY,CASH,ACCOUNTS PAYABLE,38619,38619,0,Match,
28-09-2024,Zeta Group,10003,7,EUR,INVESTMENTS,ACCOUNTS RECEIVABLE,37358,37358,0,Match,
28-09-2024,Beta Ltd,10009,9,EUR,PREPAID EXPENSES,UNBILLED REVENUE,97010,97010,0,Match,
30-09-2024,Zeta Group,10002,3,EUR,CASH,ACCOUNTS PAYABLE,57040,57045,-5,Break,
30-09-2024,Gamma Inc,10003,7,GBP,INVESTMENTS,ACCOUNTS RECEIVABLE,52217,52217,0,Match,
30-09-2024,Zeta Group,10003,7,EUR,INVESTMENTS,ACCOUNTS RECEIVABLE,3720,3720,0,Match,
30-09-2024,Delta LLC,10005,6,USD,REVENUE,EXPENSES,43224,43224,0,Match,
30-09-2024,Gamma Inc,10009,9,EUR,PREPAID EXPENSES,UNBILLED REVENUE,19392,19392,0,Match,
01-10-2024,Beta Ltd,10002,3,GBP,CASH,ACCOUNTS PAYABLE,78565,78565,0,Match,
01-10-2024,Alpha Corp,10006,4,USD,FIXED ASSETS,DEPRECIATION,99563,99563.17,-0.17,Break,
01-10-2024,Beta Ltd,10006,4,CAD,FIXED ASSETS,DEPRECIATION,2204,2204,0,Match,
01-10-2024,Zeta Group,10008,1,CAD,INVENTORY,COST OF GOODS SOLD,7772,77720,-69948,Break,
02-10-2024,Delta LLC,10001,5,USD,LOANS,DEFERRED COSTS,60402,60402,0,Match,
02-10-2024,Gamma Inc,10001,5,CAD,LOANS,DEFERRED COSTS,7918,7918,0,Match,
02-10-2024,Beta Ltd,10002,3,GBP,CASH,ACCOUNTS PAYABLE,9265,9262,3,Break,
02-10-2024,Beta Ltd,10002,3,JPY,CASH,ACCOUNTS PAYABLE,79438,79438,0,Match,
02-10-2024,Gamma Inc,10010,10,JPY,TAXES,ACCRUED LIABILITIES,968400,96840,871560,Break,
03-10-2024,Alpha Corp,10007,8,JPY,BONDS,INTEREST PAYABLE,17132,17132,0,Match,
03-10-2024,Zeta Group,10007,8,GBP,BONDS,INTEREST PAYABLE,89909,89910,-1,Break,
03-10-2024,Delta LLC,10008,1,GBP,INVENTORY,COST OF GOODS SOLD,64145,64145,0,Match,
03-10-2024,Alpha Corp,10008,1,CAD,INVENTORY,COST OF GOODS SOLD,53263,53263,0,Match,
05-10-2024,Alpha Corp,10003,7,CAD,INVESTMENTS,ACCOUNTS RECEIVABLE,61022,61022,0,Match,
05-10-2024,Beta Ltd,10004,2,GBP,EQUITY,RETAINED EARNINGS,21348,21348,0,Match,
05-10-2024,Gamma Inc,10009,9,USD,PREPAID EXPENSES,UNBILLED REVENUE,31859,31859,0,Match,
06-10-2024,Zeta Group,10008,1,GBP,INVENTORY,COST OF GOODS SOLD,80189,80189,0,Match,
06-10-2024,Zeta Group,10010,10,CAD,TAXES,ACCRUED LIABILITIES,88705,88755,-50,Break,
06-10-2024,Alpha Corp,10010,10,GBP,TAXES,ACCRUED LIABILITIES,37102,37102,0,Match,
07-10-2024,Alpha Corp,10001,5,JPY,LOANS,DEFERRED COSTS,96657,96657,0,Match,
07-10-2024,Delta LLC,10009,9,EUR,PREPAID EXPENSES,UNBILLED REVENUE,61286,61286,0,Match,
08-10-2024,Delta LLC,10006,4,GBP,FIXED ASSETS,DEPRECIATION,63809,63809,0,Match,
08-10-2024,Beta Ltd,10007,8,JPY,BONDS,INTEREST PAYABLE,55114,55114,0,Match,
09-10-2024,Zeta Group,10005,6,GBP,REVENUE,EXPENSES,59196,59196,0,Match,
09-10-2024,Alpha Corp,10008,1,JPY,INVENTORY,COST OF GOODS SOLD,28966,28966,0,Match,
09-10-2024,Delta LLC,10010,10,USD,TAXES,ACCRUED LIABILITIES,48635,48635,0,Match,
09-10-2024,Zeta Group,10010,10,EUR,TAXES,ACCRUED LIABILITIES,46049,46049,0,Match,
10-10-2024,Delta LLC,10003,7,JPY,INVESTMENTS,ACCOUNTS RECEIVABLE,99856,99856,0,Match,
10-10-2024,Zeta Group,10004,2,CAD,EQUITY,RETAINED EARNINGS,47835,47835,0,Match,
10-10-2024,Alpha Corp,10004,2,JPY,EQUITY,RETAINED EARNINGS,14693,14693,0,Match,
10-10-2024,Delta LLC,10008,1,CAD,INVENTORY,COST OF GOODS SOLD,73227,73227,0,Match,
11-10-2024,Beta Ltd,10004,2,JPY,EQUITY,RETAINED EARNINGS,41250,41250,0,Match,
11-10-2024,Alpha Corp,10004,2,CAD,EQUITY,RETAINED EARNINGS,34253,34254,-1,Break,
12-10-2024,Delta LLC,10003,7,EUR,INVESTMENTS,ACCOUNTS RECEIVABLE,147320,14732,132588,Break,
12-10-2024,Beta Ltd,10003,7,GBP,INVESTMENTS,ACCOUNTS RECEIVABLE,58475,58475,0,Match,
12-10-2024,Zeta Group,10008,1,GBP,INVENTORY,COST OF GOODS SOLD,29002,29002,0,Match,
12-10-2024,Gamma Inc,10008,1,JPY,INVENTORY,COST OF GOODS SOLD,84132,84132,0,Match,
12-10-2024,Beta Ltd,10010,10,GBP,TAXES,ACCRUED LIABILITIES,83215,83215,0,Match,
12-10-2024,Alpha Corp,10010,10,CAD,TAXES,ACCRUED LIABILITIES,84767,84767,0,Match,
13-10-2024,Delta LLC,10002,3,JPY,CASH,ACCOUNTS PAYABLE,98970,98970,0,Match,
13-10-2024,Beta Ltd,10002,3,GBP,CASH,ACCOUNTS PAYABLE,56785,56785,0,Match,
13-10-2024,Alpha Corp,10004,2,EUR,EQUITY,RETAINED EARNINGS,71989,71989,0,Match,
13-10-2024,Zeta Group,10006,4,USD,FIXED ASSETS,DEPRECIATION,39985,39985,0,Match,
13-10-2024,Delta LLC,10010,10,JPY,TAXES,ACCRUED LIABILITIES,58533,58533,0,Match,
13-10-2024,Beta Ltd,10010,10,EUR,TAXES,ACCRUED LIABILITIES,74211,74211,0,Match,
14-10-2024,Alpha Corp,10001,5,GBP,LOANS,DEFERRED COSTS,33754,33754,0,Match,
14-10-2024,Delta LLC,10005,6,CAD,REVENUE,EXPENSES,52819,52819,0,Match,
14-10-2024,Beta Ltd,10005,6,EUR,REVENUE,EXPENSES,41423,41423,0,Match,
14-10-2024,Gamma Inc,10009,9,EUR,PREPAID EXPENSES,UNBILLED REVENUE,22800,22800,0,Match,
14-10-2024,Zeta Group,10009,9,EUR,PREPAID EXPENSES,UNBILLED REVENUE,35020,35020,0,Match,
15-10-2024,Gamma Inc,10001,5,JPY,LOANS,DEFERRED COSTS,33220,33220,0,Match,
15-10-2024,Zeta Group,10001,5,EUR,LOANS,DEFERRED COSTS,37057,37057,0,Match,
15-10-2024,Alpha Corp,10009,9,EUR,PREPAID EXPENSES,UNBILLED REVENUE,86385,86385,0,Match,
15-10-2024,Delta LLC,10009,9,JPY,PREPAID EXPENSES,UNBILLED REVENUE,56478,56478,0,Match,
17-10-2024,Gamma Inc,10002,3,JPY,CASH,ACCOUNTS PAYABLE,66979,66979,0,Match,
17-10-2024,Delta LLC,10002,3,USD,CASH,ACCOUNTS PAYABLE,68512,68512,0,Match,
17-10-2024,Gamma Inc,10003,7,GBP,INVESTMENTS,ACCOUNTS RECEIVABLE,30745,30745,0,Match,
17-10-2024,Gamma Inc,10009,9,JPY,PREPAID EXPENSES,UNBILLED REVENUE,92856,92856,0,Match,
17-10-2024,Zeta Group,10009,9,EUR,PREPAID EXPENSES,UNBILLED REVENUE,35195,35195,0,Match,
17-10-2024,Beta Ltd,10010,10,GBP,TAXES,ACCRUED LIABILITIES,15222,15222,0,Match,
19-10-2024,Beta Ltd,10001,5,CAD,LOANS,DEFERRED COSTS,12145,12145,0,Match,
19-10-2024,Zeta Group,10001,5,CAD,LOANS,DEFERRED COSTS,8009,8009,0,Match,
19-10-2024,Beta Ltd,10003,7,USD,INVESTMENTS,ACCOUNTS RECEIVABLE,96666,96666,0,Match,
19-10-2024,Zeta Group,10009,9,CAD,PREPAID EXPENSES,UNBILLED REVENUE,84173,84173,0,Match,
20-10-2024,Delta LLC,10004,2,USD,EQUITY,RETAINED EARNINGS,73681,73681,0,Match,
20-10-2024,Zeta Group,10009,9,EUR,PREPAID EXPENSES,UNBILLED REVENUE,58189,58189,0,Match,
20-10-2024,Beta Ltd,10010,10,JPY,TAXES,ACCRUED LIABILITIES,37752,37752,0,Match,
21-10-2024,Alpha Corp,10006,4,USD,FIXED ASSETS,DEPRECIATION,54465,54465,0,Match,
21-10-2024,Gamma Inc,10006,4,JPY,FIXED ASSETS,DEPRECIATION,88264,88264,0,Match,
21-10-2024,Zeta Group,10010,10,CAD,TAXES,ACCRUED LIABILITIES,2915,2915,0,Match,
22-10-2024,Gamma Inc,10009,9,CAD,PREPAID EXPENSES,UNBILLED REVENUE,16410,16410,0,Match,
22-10-2024,Gamma Inc,10009,9,EUR,PREPAID EXPENSES,UNBILLED REVENUE,93500,93500,0,Match,
22-10-2024,Delta LLC,10010,10,GBP,TAXES,ACCRUED LIABILITIES,73778,73778,0,Match,
22-10-2024,Gamma Inc,10010,10,GBP,TAXES,ACCRUED LIABILITIES,93929,93929,0,Match,
23-10-2024,Zeta Group,10001,5,USD,LOANS,DEFERRED COSTS,95637,95637,0,Match,
23-10-2024,Zeta Group,10003,7,JPY,INVESTMENTS,ACCOUNTS RECEIVABLE,20535,20535,0,Match,
23-10-2024,Delta LLC,10003,7,EUR,INVESTMENTS,ACCOUNTS RECEIVABLE,88573,88573,0,Match,
23-10-2024,Zeta Group,10004,2,USD,EQUITY,RETAINED EARNINGS,81106,81106,0,Match,
23-10-2024,Zeta Group,10004,2,EUR,EQUITY,RETAINED EARNINGS,44193,44193,0,Match,
23-10-2024,Beta Ltd,10006,4,GBP,FIXED ASSETS,DEPRECIATION,89694,89694,0,Match,
23-10-2024,Beta Ltd,10006,4,EUR,FIXED ASSETS,DEPRECIATION,90772,90772,0,Match,
24-10-2024,Gamma Inc,10001,5,GBP,LOANS,DEFERRED COSTS,64557,64557,0,Match,
24-10-2024,Delta LLC,10001,5,USD,LOANS,DEFERRED COSTS,30031,30031,0,Match,
24-10-2024,Gamma Inc,10004,2,USD,EQUITY,RETAINED EARNINGS,90266,90266,0,Match,
25-10-2024,Beta Ltd,10004,2,GBP,EQUITY,RETAINED EARNINGS,14926,14926,0,Match,
25-10-2024,Alpha Corp,10007,8,CAD,BONDS,INTEREST PAYABLE,19162,19162,0,Match,
25-10-2024,Beta Ltd,10007,8,CAD,BONDS,INTEREST PAYABLE,88671,88671,0,Match,
26-10-2024,Delta LLC,10001,5,USD,LOANS,DEFERRED COSTS,93724,93724,0,Match,
26-10-2024,Gamma Inc,10001,5,GBP,LOANS,DEFERRED COSTS,71543,71543,0,Match,
26-10-2024,Delta LLC,10003,7,GBP,INVESTMENTS,ACCOUNTS RECEIVABLE,84517,83517,1000,Break,
26-10-2024,Delta LLC,10005,6,JPY,REVENUE,EXPENSES,59348,59345,3,Break,
26-10-2024,Delta LLC,10009,9,GBP,PREPAID EXPENSES,UNBILLED REVENUE,47901,47901,0,Match,
26-10-2024,Delta LLC,10009,9,JPY,PREPAID EXPENSES,UNBILLED REVENUE,74428,74428,0,Match,
26-10-2024,Beta Ltd,10010,10,EUR,TAXES,ACCRUED LIABILITIES,51648,51648,0,Match,
26-10-2024,Delta LLC,10010,10,CAD,TAXES,ACCRUED LIABILITIES,46254,48254,-2000,Break,
28-10-2024,Gamma Inc,10002,3,USD,CASH,ACCOUNTS PAYABLE,27912,27912,0,Match,
28-10-2024,Gamma Inc,10002,3,CAD,CASH,ACCOUNTS PAYABLE,19116,19116,0,Match,
28-10-2024,Zeta Group,10005,6,CAD,REVENUE,EXPENSES,37528,37528,0,Match,
28-10-2024,Zeta Group,10008,1,JPY,INVENTORY,COST OF GOODS SOLD,18220,18220,0,Match,
28-10-2024,Beta Ltd,10009,9,JPY,PREPAID EXPENSES,UNBILLED REVENUE,17334,17334,0,Match,
28-10-2024,Alpha Corp,10009,9,CAD,PREPAID EXPENSES,UNBILLED REVENUE,18680,18680,0,Match,
29-10-2024,Gamma Inc,10001,5,GBP,LOANS,DEFERRED COSTS,29630,29630,0,Match,
29-10-2024,Gamma Inc,10001,5,CAD,LOANS,DEFERRED COSTS,99479,99479,0,Match,
29-10-2024,Delta LLC,10002,3,GBP,CASH,ACCOUNTS PAYABLE,50207,50207,0,Match,
29-10-2024,Gamma Inc,10005,6,JPY,REVENUE,EXPENSES,87240,87240,0,Match,
29-10-2024,Gamma Inc,10005,6,JPY,REVENUE,EXPENSES,43528,43528,0,Match,
29-10-2024,Delta LLC,10006,4,EUR,FIXED ASSETS,DEPRECIATION,25070,2507,22563,Break,
29-10-2024,Beta Ltd,10009,9,JPY,PREPAID EXPENSES,UNBILLED REVENUE,35288,35288,0,Match,
29-10-2024,Zeta Group,10010,10,CAD,TAXES,ACCRUED LIABILITIES,33073,33073,0,Match,
30-10-2024,Delta LLC,10003,7,CAD,INVESTMENTS,ACCOUNTS RECEIVABLE,9853,9853,0,Match,
30-10-2024,Alpha Corp,10005,6,JPY,REVENUE,EXPENSES,7568,75688,-68120,Break,
30-10-2024,Zeta Group,10006,4,EUR,FIXED ASSETS,DEPRECIATION,11624,11624,0,Match,
30-10-2024,Alpha Corp,10007,8,GBP,BONDS,INTEREST PAYABLE,3171,3171,0,Match,
30-10-2024,Gamma Inc,10007,8,JPY,BONDS,INTEREST PAYABLE,38390,38390,0,Match,
31-10-2024,Zeta Group,10001,5,EUR,LOANS,DEFERRED COSTS,80166,80166,0,Match,
31-10-2024,Beta Ltd,10001,5,CAD,LOANS,DEFERRED COSTS,49529,49529,0,Match,
31-10-2024,Gamma Inc,10002,3,GBP,CASH,ACCOUNTS PAYABLE,92457,92457,0,Match,
31-10-2024,Beta Ltd,10002,3,USD,CASH,ACCOUNTS PAYABLE,72681,72681,0,Match,
01-11-2024,Delta LLC,10002,3,EUR,CASH,ACCOUNTS PAYABLE,83690,83690,0,Match,
01-11-2024,Beta Ltd,10002,3,JPY,CASH,ACCOUNTS PAYABLE,42419,42419,0,Match,
01-11-2024,Beta Ltd,10009,9,CAD,PREPAID EXPENSES,UNBILLED REVENUE,54725,54725,0,Match,
01-11-2024,Delta LLC,10009,9,USD,PREPAID EXPENSES,UNBILLED REVENUE,29375,29375,0,Match,
02-11-2024,Zeta Group,10003,7,USD,INVESTMENTS,ACCOUNTS RECEIVABLE,63019,63019,0,Match,
02-11-2024,Zeta Group,10008,1,EUR,INVENTORY,COST OF GOODS SOLD,39327,39327,0,Match,
02-11-2024,Gamma Inc,10008,1,CAD,INVENTORY,COST OF GOODS SOLD,67023,67023,0,Match,
03-11-2024,Gamma Inc,10001,5,EUR,LOANS,DEFERRED COSTS,30130,30130,0,Match,
03-11-2024,Zeta Group,10002,3,JPY,CASH,ACCOUNTS PAYABLE,21180,21180,0,Match,
03-11-2024,Gamma Inc,10007,8,USD,BONDS,INTEREST PAYABLE,56526,56526,0,Match,
03-11-2024,Beta Ltd,10007,8,USD,BONDS,INTEREST PAYABLE,72425,72325,100,Break,
04-11-2024,Gamma Inc,10002,3,JPY,CASH,ACCOUNTS PAYABLE,8416,8416,0,Match,
04-11-2024,Alpha Corp,10002,3,USD,CASH,ACCOUNTS PAYABLE,54082,54082,0,Match,
04-11-2024,Zeta Group,10008,1,CAD,INVENTORY,COST OF GOODS SOLD,58015,58015,0,Match,
04-11-2024,Delta LLC,10008,1,USD,INVENTORY,COST OF GOODS SOLD,46711,46711,0,Match,
05-11-2024,Gamma Inc,10003,7,USD,INVESTMENTS,ACCOUNTS RECEIVABLE,12707,12707,0,Match,
05-11-2024,Zeta Group,10004,2,JPY,EQUITY,RETAINED EARNINGS,99241,99242,-1,Break,
05-11-2024,Zeta Group,10008,1,CAD,INVENTORY,COST OF GOODS SOLD,67614,67614,0,Match,
05-11-2024,Alpha Corp,10008,1,JPY,INVENTORY,COST OF GOODS SOLD,33965,33965,0,Match,
06-11-2024,Delta LLC,10007,8,USD,BONDS,INTEREST PAYABLE,17323,17323,0,Match,
06-11-2024,Gamma Inc,10010,10,JPY,TAXES,ACCRUED LIABILITIES,34771,34771,0,Match,
07-11-2024,Gamma Inc,10003,7,USD,INVESTMENTS,ACCOUNTS RECEIVABLE,69394,69394,0,Match,
07-11-2024,Alpha Corp,10010,10,JPY,TAXES,ACCRUED LIABILITIES,54240,54240,0,Match,
07-11-2024,Delta LLC,10010,10,CAD,TAXES,ACCRUED LIABILITIES,16061,16041,20,Break,
08-11-2024,Beta Ltd,10001,5,USD,LOANS,DEFERRED COSTS,71106,71106,0,Match,
08-11-2024,Delta LLC,10001,5,JPY,LOANS,DEFERRED COSTS,3223,3223,0,Match,
08-11-2024,Alpha Corp,10002,3,USD,CASH,ACCOUNTS PAYABLE,79280,79280,0,Match,
08-11-2024,Zeta Group,10003,7,USD,INVESTMENTS,ACCOUNTS RECEIVABLE,73550,73550,0,Match,
08-11-2024,Zeta Group,10003,7,USD,INVESTMENTS,ACCOUNTS RECEIVABLE,88517,88517,0,Match,
08-11-2024,Gamma Inc,10006,4,EUR,FIXED ASSETS,DEPRECIATION,76233,76233,0,Match,
08-11-2024,Beta Ltd,10007,8,CAD,BONDS,INTEREST PAYABLE,72053,72053,0,Match,
08-11-2024,Gamma Inc,10008,1,JPY,INVENTORY,COST OF GOODS SOLD,76722,76722,0,Match,
08-11-2024,Gamma Inc,10008,1,EUR,INVENTORY,COST OF GOODS SOLD,85767,85767,0,Match,
09-11-2024,Beta Ltd,10001,5,USD,LOANS,DEFERRED COSTS,65105,65105,0,Match,
09-11-2024,Beta Ltd,10001,5,JPY,LOANS,DEFERRED COSTS,7729,77296,-69567,Break,
09-11-2024,Beta Ltd,10003,7,GBP,INVESTMENTS,ACCOUNTS RECEIVABLE,29627,29627,0,Match,
09-11-2024,Gamma Inc,10005,6,EUR,REVENUE,EXPENSES,95511,95511,0,Match,
09-11-2024,Delta LLC,10005,6,GBP,REVENUE,EXPENSES,83340,83340,0,Match,
09-11-2024,Gamma Inc,10006,4,JPY,FIXED ASSETS,DEPRECIATION,83747,83747,0,Match,
09-11-2024,Delta LLC,10006,4,EUR,FIXED ASSETS,DEPRECIATION,44533,44533,0,Match,
09-11-2024,Alpha Corp,10007,8,USD,BONDS,INTEREST PAYABLE,90254,90254,0,Match,
10-11-2024,Zeta Group,10003,7,GBP,INVESTMENTS,ACCOUNTS RECEIVABLE,4163,41631,-37468,Break,
10-11-2024,Zeta Group,10003,7,USD,INVESTMENTS,ACCOUNTS RECEIVABLE,25659,25659,0,Match,
10-11-2024,Beta Ltd,10010,10,EUR,TAXES,ACCRUED LIABILITIES,51366,51366,0,Match,
11-11-2024,Delta LLC,10009,9,CAD,PREPAID EXPENSES,UNBILLED REVENUE,34875,34875,0,Match,
11-11-2024,Zeta Group,10010,10,CAD,TAXES,ACCRUED LIABILITIES,83608,83608,0,Match,
11-11-2024,Alpha Corp,10010,10,JPY,TAXES,ACCRUED LIABILITIES,9313,9313,0,Match,
12-11-2024,Alpha Corp,10001,5,EUR,LOANS,DEFERRED COSTS,3542,3542,0,Match,
12-11-2024,Gamma Inc,10003,7,GBP,INVESTMENTS,ACCOUNTS RECEIVABLE,3018,3017,1,Break,
12-11-2024,Beta Ltd,10006,4,CAD,FIXED ASSETS,DEPRECIATION,80393,80393.54,-0.54,Break,
12-11-2024,Zeta Group,10006,4,EUR,FIXED ASSETS,DEPRECIATION,89396,89396,0,Match,
12-11-2024,Gamma Inc,10007,8,JPY,BONDS,INTEREST PAYABLE,48809,48809,0,Match,
12-11-2024,Alpha Corp,10007,8,CAD,BONDS,INTEREST PAYABLE,14068,14068,0,Match,
12-11-2024,Zeta Group,10008,1,GBP,INVENTORY,COST OF GOODS SOLD,42808,42808,0,Match,
12-11-2024,Delta LLC,10009,9,JPY,PREPAID EXPENSES,UNBILLED REVENUE,24904,24904,0,Match,
12-11-2024,Delta LLC,10010,10,CAD,TAXES,ACCRUED LIABILITIES,84867,84867,0,Match,
13-11-2024,Beta Ltd,10001,5,JPY,LOANS,DEFERRED COSTS,48619,48618,1,Break,
13-11-2024,Delta LLC,10001,5,CAD,LOANS,DEFERRED COSTS,61215,61215,0,Match,
13-11-2024,Beta Ltd,10009,9,JPY,PREPAID EXPENSES,UNBILLED REVENUE,18362,18362,0,Match,
14-11-2024,Alpha Corp,10001,5,EUR,LOANS,DEFERRED COSTS,5927,5927,0,Match,
14-11-2024,Gamma Inc,10001,5,GBP,LOANS,DEFERRED COSTS,1417,1417,0,Match,
14-11-2024,Delta LLC,10002,3,EUR,CASH,ACCOUNTS PAYABLE,52550,52550,0,Match,
14-11-2024,Delta LLC,10002,3,USD,CASH,ACCOUNTS PAYABLE,69434,69434,0,Match,
14-11-2024,Zeta Group,10008,1,EUR,INVENTORY,COST OF GOODS SOLD,58923,58923,0,Match,
15-11-2024,Zeta Group,10001,5,USD,LOANS,DEFERRED COSTS,11770,11770,0,Match,
15-11-2024,Zeta Group,10001,5,EUR,LOANS,DEFERRED COSTS,1456,1456,0,Match,
15-11-2024,Gamma Inc,10008,1,EUR,INVENTORY,COST OF GOODS SOLD,72927,72927,0,Match,
16-11-2024,Delta LLC,10003,7,CAD,INVESTMENTS,ACCOUNTS RECEIVABLE,90251,90251,0,Match,
16-11-2024,Gamma Inc,10003,7,EUR,INVESTMENTS,ACCOUNTS RECEIVABLE,10201,10201,0,Match,
16-11-2024,Zeta Group,10007,8,GBP,BONDS,INTEREST PAYABLE,17363,17363,0,Match,
16-11-2024,Beta Ltd,10008,1,EUR,INVENTORY,COST OF GOODS SOLD,90808,90808,0,Match,
16-11-2024,Beta Ltd,10008,1,USD,INVENTORY,COST OF GOODS SOLD,1570,1570.02,-0.02,Break,
16-11-2024,Gamma Inc,10009,9,CAD,PREPAID EXPENSES,UNBILLED REVENUE,36206,36206,0,Match,
17-11-2024,Beta Ltd,10001,5,EUR,LOANS,DEFERRED COSTS,91213,91213,0,Match,
17-11-2024,Alpha Corp,10001,5,USD,LOANS,DEFERRED COSTS,4581,4581,0,Match,
17-11-2024,Gamma Inc,10006,4,EUR,FIXED ASSETS,DEPRECIATION,6088,6088,0,Match,
17-11-2024,Gamma Inc,10009,9,GBP,PREPAID EXPENSES,UNBILLED REVENUE,56615,56615,0,Match,
17-11-2024,Alpha Corp,10009,9,EUR,PREPAID EXPENSES,UNBILLED REVENUE,65124,65124,0,Match,
18-11-2024,Delta LLC,10001,5,GBP,LOANS,DEFERRED COSTS,32673,32673,0,Match,
18-11-2024,Zeta Group,10005,6,EUR,REVENUE,EXPENSES,82812,82812,0,Match,
18-11-2024,Beta Ltd,10006,4,GBP,FIXED ASSETS,DEPRECIATION,30886,30886,0,Match,
18-11-2024,Delta LLC,10006,4,GBP,FIXED ASSETS,DEPRECIATION,289000,28900,260100,Break,
18-11-2024,Zeta Group,10008,1,CAD,INVENTORY,COST OF GOODS SOLD,23166,23166,0,Match,
18-11-2024,Beta Ltd,10009,9,CAD,PREPAID EXPENSES,UNBILLED REVENUE,53273,53273,0,Match,
18-11-2024,Beta Ltd,10010,10,GBP,TAXES,ACCRUED LIABILITIES,92223,92223,0,Match,
19-11-2024,Gamma Inc,10004,2,EUR,EQUITY,RETAINED EARNINGS,39805,39805,0,Match,
19-11-2024,Zeta Group,10004,2,USD,EQUITY,RETAINED EARNINGS,47308,47308,0,Match,
19-11-2024,Zeta Group,10006,4,EUR,FIXED ASSETS,DEPRECIATION,856980,85698,771282,Break,
19-11-2024,Delta LLC,10006,4,GBP,FIXED ASSETS,DEPRECIATION,81177,81177,0,Match,
19-11-2024,Delta LLC,10007,8,EUR,BONDS,INTEREST PAYABLE,20673,20673,0,Match,
20-11-2024,Zeta Group,10002,3,GBP,CASH,ACCOUNTS PAYABLE,45058,45058,0,Match,
20-11-2024,Gamma Inc,10003,7,USD,INVESTMENTS,ACCOUNTS RECEIVABLE,87054,87054,0,Match,
20-11-2024,Alpha Corp,10008,1,JPY,INVENTORY,COST OF GOODS SOLD,93258,93258,0,Match,
21-11-2024,Zeta Group,10002,3,EUR,CASH,ACCOUNTS PAYABLE,60424,60424,0,Match,
21-11-2024,Alpha Corp,10002,3,JPY,CASH,ACCOUNTS PAYABLE,6766,6766,0,Match,
21-11-2024,Delta LLC,10006,4,CAD,FIXED ASSETS,DEPRECIATION,9372,9372,0,Match,
21-11-2024,Alpha Corp,10006,4,EUR,FIXED ASSETS,DEPRECIATION,211100,21110,189990,Break,
21-11-2024,Alpha Corp,10010,10,CAD,TAXES,ACCRUED LIABILITIES,84898,84898,0,Match,
21-11-2024,Alpha Corp,10010,10,JPY,TAXES,ACCRUED LIABILITIES,9652,9652,0,Match,
22-11-2024,Beta Ltd,10006,4,USD,FIXED ASSETS,DEPRECIATION,72386,72386,0,Match,
22-11-2024,Zeta Group,10006,4,USD,FIXED ASSETS,DEPRECIATION,61019,61019,0,Match,
22-11-2024,Zeta Group,10008,1,EUR,INVENTORY,COST OF GOODS SOLD,90376,90376,0,Match,
23-11-2024,Zeta Group,10003,7,EUR,INVESTMENTS,ACCOUNTS RECEIVABLE,60543,60543,0,Match,
23-11-2024,Zeta Group,10003,7,CAD,INVESTMENTS,ACCOUNTS RECEIVABLE,2840,28400,-25560,Break,
23-11-2024,Beta Ltd,10005,6,CAD,REVENUE,EXPENSES,50826,50826,0,Match,
23-11-2024,Zeta Group,10010,10,EUR,TAXES,ACCRUED LIABILITIES,96690,96690,0,Match,
23-11-2024,Zeta Group,10010,10,JPY,TAXES,ACCRUED LIABILITIES,55850,55850,0,Match,
24-11-2024,Zeta Group,10001,5,CAD,LOANS,DEFERRED COSTS,59715,59715,0,Match,
24-11-2024,Alpha Corp,10006,4,JPY,FIXED ASSETS,DEPRECIATION,97916,97916,0,Match,
24-11-2024,Beta Ltd,10006,4,GBP,FIXED ASSETS,DEPRECIATION,81182,81182,0,Match,
24-11-2024,Gamma Inc,10007,8,CAD,BONDS,INTEREST PAYABLE,30180,30180,0,Match,
24-11-2024,Zeta Group,10007,8,JPY,BONDS,INTEREST PAYABLE,32522,32522,0,Match,
24-11-2024,Alpha Corp,10008,1,EUR,INVENTORY,COST OF GOODS SOLD,83646,83646,0,Match,
24-11-2024,Alpha Corp,10008,1,GBP,INVENTORY,COST OF GOODS SOLD,79629,79629,0,Match,
24-11-2024,Beta Ltd,10009,9,USD,PREPAID EXPENSES,UNBILLED REVENUE,40821,40821,0,Match,
24-11-2024,Alpha Corp,10009,9,CAD,PREPAID EXPENSES,UNBILLED REVENUE,27891,27891,0,Match,
25-11-2024,Delta LLC,10001,5,EUR,LOANS,DEFERRED COSTS,95323,95323,0,Match,
25-11-2024,Zeta Group,10003,7,GBP,INVESTMENTS,ACCOUNTS RECEIVABLE,883180,88318,794862,Break,
25-11-2024,Zeta Group,10003,7,EUR,INVESTMENTS,ACCOUNTS RECEIVABLE,80043,80043,0,Match,
25-11-2024,Delta LLC,10004,2,GBP,EQUITY,RETAINED EARNINGS,5711,5711,0,Match,
25-11-2024,Beta Ltd,10004,2,CAD,EQUITY,RETAINED EARNINGS,91998,91998,0,Match,
25-11-2024,Delta LLC,10007,8,EUR,BONDS,INTEREST PAYABLE,24179,24179,0,Match,
26-11-2024,Zeta Group,10010,10,EUR,TAXES,ACCRUED LIABILITIES,88790,88790,0,Match,
27-11-2024,Alpha Corp,10003,7,CAD,INVESTMENTS,ACCOUNTS RECEIVABLE,70538,70538,0,Match,
27-11-2024,Delta LLC,10005,6,CAD,REVENUE,EXPENSES,96960,96960,0,Match,
27-11-2024,Zeta Group,10005,6,USD,REVENUE,EXPENSES,34008,34007.07,0.93,Break,
27-11-2024,Gamma Inc,10007,8,USD,BONDS,INTEREST PAYABLE,33566,33566,0,Match,
27-11-2024,Gamma Inc,10009,9,EUR,PREPAID EXPENSES,UNBILLED REVENUE,68480,68480,0,Match,
27-11-2024,Alpha Corp,10010,10,CAD,TAXES,ACCRUED LIABILITIES,85181,85181,0,Match,
28-11-2024,Delta LLC,10004,2,USD,EQUITY,RETAINED EARNINGS,36555,36555,0,Match,
29-11-2024,Delta LLC,10003,7,GBP,INVESTMENTS,ACCOUNTS RECEIVABLE,20941,20941,0,Match,
29-11-2024,Alpha Corp,10003,7,GBP,INVESTMENTS,ACCOUNTS RECEIVABLE,62068,62068,0,Match,
29-11-2024,Beta Ltd,10004,2,EUR,EQUITY,RETAINED EARNINGS,56481,56481,0,Match,
29-11-2024,Delta LLC,10004,2,GBP,EQUITY,RETAINED EARNINGS,41624,41624,0,Match,
29-11-2024,Delta LLC,10005,6,USD,REVENUE,EXPENSES,5668,5668,0,Match,
30-11-2024,Gamma Inc,10003,7,CAD,INVESTMENTS,ACCOUNTS RECEIVABLE,67197,67197,0,Match,
30-11-2024,Delta LLC,10003,7,USD,INVESTMENTS,ACCOUNTS RECEIVABLE,93145,93145,0,Match,
30-11-2024,Delta LLC,10006,4,JPY,FIXED ASSETS,DEPRECIATION,42949,42949,0,Match,
01-12-2024,Beta Ltd,10004,2,CAD,EQUITY,RETAINED EARNINGS,10653,10653,0,Match,
01-12-2024,Alpha Corp,10004,2,JPY,EQUITY,RETAINED EARNINGS,2810,2810,0,Match,
01-12-2024,Delta LLC,10007,8,USD,BONDS,INTEREST PAYABLE,24755,24760,-5,Break,
01-12-2024,Alpha Corp,10007,8,EUR,BONDS,INTEREST PAYABLE,24352,24352,0,Match,
01-12-2024,Alpha Corp,10008,1,JPY,INVENTORY,COST OF GOODS SOLD,63787,63787,0,Match,
01-12-2024,Zeta Group,10010,10,EUR,TAXES,ACCRUED LIABILITIES,80104,80104,0,Match,
01-12-2024,Delta LLC,10010,10,CAD,TAXES,ACCRUED LIABILITIES,62481,62481,0,Match,
02-12-2024,Beta Ltd,10003,7,GBP,INVESTMENTS,ACCOUNTS RECEIVABLE,21265,21265,0,Match,
02-12-2024,Delta LLC,10003,7,EUR,INVESTMENTS,ACCOUNTS RECEIVABLE,97822,97822,0,Match,
02-12-2024,Delta LLC,10004,2,CAD,EQUITY,RETAINED EARNINGS,81215,81215,0,Match,
02-12-2024,Alpha Corp,10008,1,EUR,INVENTORY,COST OF GOODS SOLD,26458,26458,0,Match,
02-12-2024,Alpha Corp,10009,9,EUR,PREPAID EXPENSES,UNBILLED REVENUE,25820,25820,0,Match,
02-12-2024,Gamma Inc,10009,9,JPY,PREPAID EXPENSES,UNBILLED REVENUE,16600,16600,0,Match,
02-12-2024,Alpha Corp,10010,10,GBP,TAXES,ACCRUED LIABILITIES,1403,1399,4,Break,
02-12-2024,Beta Ltd,10010,10,USD,TAXES,ACCRUED LIABILITIES,69334,69334,0,Match,
03-12-2024,Delta LLC,10003,7,JPY,INVESTMENTS,ACCOUNTS RECEIVABLE,52060,52060,0,Match,
03-12-2024,Zeta Group,10004,2,EUR,EQUITY,RETAINED EARNINGS,44069,44069,0,Match,
03-12-2024,Zeta Group,10009,9,CAD,PREPAID EXPENSES,UNBILLED REVENUE,11929,11929,0,Match,
04-12-2024,Alpha Corp,10001,5,EUR,LOANS,DEFERRED COSTS,61255,61255,0,Match,
04-12-2024,Delta LLC,10001,5,GBP,LOANS,DEFERRED COSTS,62032,62632,-600,Break,
04-12-2024,Delta LLC,10003,7,GBP,INVESTMENTS,ACCOUNTS RECEIVABLE,49830,49830,0,Match,
04-12-2024,Beta Ltd,10006,4,EUR,FIXED ASSETS,DEPRECIATION,7745,7745,0,Match,
04-12-2024,Delta LLC,10006,4,EUR,FIXED ASSETS,DEPRECIATION,84295,84295,0,Match,
04-12-2024,Zeta Group,10007,8,USD,BONDS,INTEREST PAYABLE,78706,79706,-1000,Break,
04-12-2024,Zeta Group,10007,8,USD,BONDS,INTEREST PAYABLE,70477,70477.27,-0.27,Break,
04-12-2024,Alpha Corp,10009,9,USD,PREPAID EXPENSES,UNBILLED REVENUE,76664,76664,0,Match,
04-12-2024,Beta Ltd,10009,9,GBP,PREPAID EXPENSES,UNBILLED REVENUE,15196,15196,0,Match,
05-12-2024,Alpha Corp,10001,5,USD,LOANS,DEFERRED COSTS,51872,51871,1,Break,
05-12-2024,Beta Ltd,10001,5,JPY,LOANS,DEFERRED COSTS,98129,98199,-70,Break,
05-12-2024,Delta LLC,10002,3,USD,CASH,ACCOUNTS PAYABLE,1102,1102,0,Match,
06-12-2024,Alpha Corp,10003,7,GBP,INVESTMENTS,ACCOUNTS RECEIVABLE,28343,28343,0,Match,
07-12-2024,Alpha Corp,10004,2,EUR,EQUITY,RETAINED EARNINGS,40252,40252,0,Match,
07-12-2024,Delta LLC,10004,2,GBP,EQUITY,RETAINED EARNINGS,63990,63980,10,Break,
07-12-2024,Gamma Inc,10007,8,GBP,BONDS,INTEREST PAYABLE,58780,58780,0,Match,
07-12-2024,Delta LLC,10007,8,GBP,BONDS,INTEREST PAYABLE,15974,15974,0,Match,
08-12-2024,Gamma Inc,10002,3,EUR,CASH,ACCOUNTS PAYABLE,90282,90282,0,Match,
08-12-2024,Delta LLC,10002,3,JPY,CASH,ACCOUNTS PAYABLE,33269,33269,0,Match,
08-12-2024,Gamma Inc,10003,7,JPY,INVESTMENTS,ACCOUNTS RECEIVABLE,14664,14664,0,Match,
09-12-2024,Delta LLC,10003,7,EUR,INVESTMENTS,ACCOUNTS RECEIVABLE,63622,63622,0,Match,
09-12-2024,Zeta Group,10003,7,CAD,INVESTMENTS,ACCOUNTS RECEIVABLE,97040,97040,0,Match,
09-12-2024,Zeta Group,10005,6,CAD,REVENUE,EXPENSES,55824,55824,0,Match,
09-12-2024,Delta LLC,10006,4,JPY,FIXED ASSETS,DEPRECIATION,37502,37502,0,Match,
09-12-2024,Beta Ltd,10007,8,JPY,BONDS,INTEREST PAYABLE,84185,84185,0,Match,
09-12-2024,Delta LLC,10007,8,JPY,BONDS,INTEREST PAYABLE,7368,7368,0,Match,
10-12-2024,Gamma Inc,10003,7,USD,INVESTMENTS,ACCOUNTS RECEIVABLE,79472,79472,0,Match,
10-12-2024,Alpha Corp,10006,4,EUR,FIXED ASSETS,DEPRECIATION,10821,10821,0,Match,
10-12-2024,Gamma Inc,10006,4,GBP,FIXED ASSETS,DEPRECIATION,80177,80177,0,Match,
10-12-2024,Alpha Corp,10009,9,JPY,PREPAID EXPENSES,UNBILLED REVENUE,50683,50683,0,Match,
10-12-2024,Gamma Inc,10010,10,EUR,TAXES,ACCRUED LIABILITIES,32255,32255,0,Match,
11-12-2024,Zeta Group,10002,3,USD,CASH,ACCOUNTS PAYABLE,65706,65706,0,Match,
11-12-2024,Delta LLC,10002,3,EUR,CASH,ACCOUNTS PAYABLE,65881,65881,0,Match,
11-12-2024,Delta LLC,10005,6,CAD,REVENUE,EXPENSES,84551,84551,0,Match,
11-12-2024,Gamma Inc,10006,4,GBP,FIXED ASSETS,DEPRECIATION,42199,42199,0,Match,
11-12-2024,Gamma Inc,10006,4,EUR,FIXED ASSETS,DEPRECIATION,97412,97412,0,Match,
11-12-2024,Gamma Inc,10007,8,CAD,BONDS,INTEREST PAYABLE,74577,74577,0,Match,
12-12-2024,Gamma Inc,10002,3,CAD,CASH,ACCOUNTS PAYABLE,19948,19948,0,Match,
12-12-2024,Beta Ltd,10005,6,EUR,REVENUE,EXPENSES,26945,25945,1000,Break,
12-12-2024,Zeta Group,10005,6,GBP,REVENUE,EXPENSES,11038,11038,0,Match,
13-12-2024,Delta LLC,10003,7,CAD,INVESTMENTS,ACCOUNTS RECEIVABLE,21636,21636,0,Match,
13-12-2024,Beta Ltd,10006,4,EUR,FIXED ASSETS,DEPRECIATION,37895,37895,0,Match,
13-12-2024,Beta Ltd,10010,10,GBP,TAXES,ACCRUED LIABILITIES,91766,91766,0,Match,
14-12-2024,Gamma Inc,10002,3,USD,CASH,ACCOUNTS PAYABLE,44807,44807,0,Match,
14-12-2024,Delta LLC,10002,3,CAD,CASH,ACCOUNTS PAYABLE,82808,82808,0,Match,
15-12-2024,Zeta Group,10004,2,GBP,EQUITY,RETAINED EARNINGS,40739,40739,0,Match,
15-12-2024,Beta Ltd,10004,2,EUR,EQUITY,RETAINED EARNINGS,44396,44396,0,Match,
15-12-2024,Gamma Inc,10010,10,GBP,TAXES,ACCRUED LIABILITIES,81304,81304,0,Match,
15-12-2024,Beta Ltd,10010,10,GBP,TAXES,ACCRUED LIABILITIES,77552,77552,0,Match,
16-12-2024,Gamma Inc,10009,9,USD,PREPAID EXPENSES,UNBILLED REVENUE,89459,89459,0,Match,
17-12-2024,Gamma Inc,10001,5,CAD,LOANS,DEFERRED COSTS,9367,9367,0,Match,
17-12-2024,Delta LLC,10001,5,USD,LOANS,DEFERRED COSTS,98115,98115,0,Match,
17-12-2024,Beta Ltd,10004,2,GBP,EQUITY,RETAINED EARNINGS,76866,76866,0,Match,
17-12-2024,Delta LLC,10005,6,USD,REVENUE,EXPENSES,1890,1870,20,Break,
17-12-2024,Beta Ltd,10005,6,USD,REVENUE,EXPENSES,34105,34105,0,Match,
17-12-2024,Alpha Corp,10006,4,JPY,FIXED ASSETS,DEPRECIATION,74112,74112,0,Match,
17-12-2024,Gamma Inc,10007,8,EUR,BONDS,INTEREST PAYABLE,88328,88328,0,Match,
18-12-2024,Alpha Corp,10010,10,CAD,TAXES,ACCRUED LIABILITIES,70165,70165,0,Match,
19-12-2024,Alpha Corp,10006,4,GBP,FIXED ASSETS,DEPRECIATION,77587,77587,0,Match,
19-12-2024,Beta Ltd,10006,4,JPY,FIXED ASSETS,DEPRECIATION,38044,38044,0,Match,
19-12-2024,Gamma Inc,10007,8,USD,BONDS,INTEREST PAYABLE,33860,33860,0,Match,
19-12-2024,Zeta Group,10007,8,EUR,BONDS,INTEREST PAYABLE,11418,11418,0,Match,
19-12-2024,Alpha Corp,10008,1,GBP,INVENTORY,COST OF GOODS SOLD,11243,11243,0,Match,
19-12-2024,Alpha Corp,10008,1,GBP,INVENTORY,COST OF GOODS SOLD,47660,47660,0,Match,
20-12-2024,Delta LLC,10001,5,CAD,LOANS,DEFERRED COSTS,37438,37438,0,Match,
20-12-2024,Beta Ltd,10004,2,GBP,EQUITY,RETAINED EARNINGS,85679,85679,0,Match,
20-12-2024,Beta Ltd,10004,2,JPY,EQUITY,RETAINED EARNINGS,13620,13620,0,Match,
20-12-2024,Alpha Corp,10005,6,JPY,REVENUE,EXPENSES,49866,49866,0,Match,
20-12-2024,Beta Ltd,10008,1,JPY,INVENTORY,COST OF GOODS SOLD,72320,72320,0,Match,
20-12-2024,Gamma Inc,10008,1,CAD,INVENTORY,COST OF GOODS SOLD,12239,12239,0,Match,
20-12-2024,Alpha Corp,10009,9,JPY,PREPAID EXPENSES,UNBILLED REVENUE,73583,72583,1000,Break,
20-12-2024,Gamma Inc,10009,9,CAD,PREPAID EXPENSES,UNBILLED REVENUE,31669,31669,0,Match,
21-12-2024,Delta LLC,10002,3,GBP,CASH,ACCOUNTS PAYABLE,83008,83008,0,Match,
21-12-2024,Gamma Inc,10002,3,EUR,CASH,ACCOUNTS PAYABLE,94136,97136,-3000,Break,
21-12-2024,Gamma Inc,10003,7,JPY,INVESTMENTS,ACCOUNTS RECEIVABLE,6708,6708,0,Match,
22-12-2024,Zeta Group,10001,5,JPY,LOANS,DEFERRED COSTS,91829,91829,0,Match,
22-12-2024,Gamma Inc,10008,1,JPY,INVENTORY,COST OF GOODS SOLD,27842,27842,0,Match,
22-12-2024,Gamma Inc,10009,9,JPY,PREPAID EXPENSES,UNBILLED REVENUE,88532,88532,0,Match,
22-12-2024,Delta LLC,10010,10,JPY,TAXES,ACCRUED LIABILITIES,17141,17141,0,Match,
22-12-2024,Gamma Inc,10010,10,GBP,TAXES,ACCRUED LIABILITIES,29930,2993,26937,Break,
23-12-2024,Gamma Inc,10001,5,JPY,LOANS,DEFERRED COSTS,42515,42515,0,Match,
23-12-2024,Beta Ltd,10002,3,GBP,CASH,ACCOUNTS PAYABLE,1899,1899,0,Match,
23-12-2024,Delta LLC,10004,2,EUR,EQUITY,RETAINED EARNINGS,23143,23143,0,Match,
23-12-2024,Zeta Group,10004,2,USD,EQUITY,RETAINED EARNINGS,25655,25655,0,Match,
23-12-2024,Beta Ltd,10007,8,USD,BONDS,INTEREST PAYABLE,70423,70423,0,Match,
24-12-2024,Beta Ltd,10001,5,USD,LOANS,DEFERRED COSTS,61902,61902,0,Match,
24-12-2024,Zeta Group,10001,5,GBP,LOANS,DEFERRED COSTS,81585,81585,0,Match,
24-12-2024,Zeta Group,10003,7,USD,INVESTMENTS,ACCOUNTS RECEIVABLE,45330,45330,0,Match,
24-12-2024,Gamma Inc,10008,1,CAD,INVENTORY,COST OF GOODS SOLD,85835,85835,0,Match,
24-12-2024,Gamma Inc,10010,10,EUR,TAXES,ACCRUED LIABILITIES,70830,70830,0,Match,
25-12-2024,Gamma Inc,10001,5,JPY,LOANS,DEFERRED COSTS,62690,62690,0,Match,
25-12-2024,Beta Ltd,10002,3,EUR,CASH,ACCOUNTS PAYABLE,35077,35077,0,Match,
25-12-2024,Zeta Group,10003,7,CAD,INVESTMENTS,ACCOUNTS RECEIVABLE,4326,4326,0,Match,
25-12-2024,Beta Ltd,10003,7,GBP,INVESTMENTS,ACCOUNTS RECEIVABLE,6574,6574,0,Match,
25-12-2024,Alpha Corp,10008,1,USD,INVENTORY,COST OF GOODS SOLD,58481,58481,0,Match,
25-12-2024,Alpha Corp,10008,1,USD,INVENTORY,COST OF GOODS SOLD,91405,91405,0,Match,
26-12-2024,Delta LLC,10002,3,GBP,CASH,ACCOUNTS PAYABLE,44131,44131,0,Match,
26-12-2024,Delta LLC,10004,2,CAD,EQUITY,RETAINED EARNINGS,61000,61000,0,Match,
26-12-2024,Gamma Inc,10005,6,EUR,REVENUE,EXPENSES,94181,94181,0,Match,
26-12-2024,Delta LLC,10005,6,JPY,REVENUE,EXPENSES,56752,56752,0,Match,
27-12-2024,Beta Ltd,10003,7,JPY,INVESTMENTS,ACCOUNTS RECEIVABLE,80821,80821,0,Match,
27-12-2024,Alpha Corp,10006,4,JPY,FIXED ASSETS,DEPRECIATION,60105,60105,0,Match,
27-12-2024,Gamma Inc,10006,4,JPY,FIXED ASSETS,DEPRECIATION,63527,63527,0,Match,
27-12-2024,Gamma Inc,10007,8,USD,BONDS,INTEREST PAYABLE,36250,36250,0,Match,
27-12-2024,Beta Ltd,10007,8,USD,BONDS,INTEREST PAYABLE,46395,46395,0,Match,
27-12-2024,Alpha Corp,10008,1,EUR,INVENTORY,COST OF GOODS SOLD,61102,61102,0,Match,
27-12-2024,Zeta Group,10008,1,USD,INVENTORY,COST OF GOODS SOLD,13503,13503.34,-0.34,Break,
28-12-2024,Alpha Corp,10003,7,USD,INVESTMENTS,ACCOUNTS RECEIVABLE,5505,5505,0,Match,
28-12-2024,Delta LLC,10003,7,CAD,INVESTMENTS,ACCOUNTS RECEIVABLE,51952,51956,-4,Break,
29-12-2024,Zeta Group,10001,5,EUR,LOANS,DEFERRED COSTS,44823,44823,0,Match,
29-12-2024,Gamma Inc,10005,6,EUR,REVENUE,EXPENSES,30781,30781,0,Match,
30-12-2024,Alpha Corp,10003,7,USD,INVESTMENTS,ACCOUNTS RECEIVABLE,56268,56268,0,Match,
30-12-2024,Beta Ltd,10008,1,CAD,INVENTORY,COST OF GOODS SOLD,23300,23301,-1,Break,
30-12-2024,Zeta Group,10010,10,EUR,TAXES,ACCRUED LIABILITIES,70650,70650,0,Match,
30-12-2024,Alpha Corp,10010,10,JPY,TAXES,ACCRUED LIABILITIES,39097,39097,0,Match,
31-12-2024,Gamma Inc,10003,7,GBP,INVESTMENTS,ACCOUNTS RECEIVABLE,57820,57820,0,Match,
31-12-2024,Gamma Inc,10003,7,CAD,INVESTMENTS,ACCOUNTS RECEIVABLE,23124,23124,0,Match,
31-12-2024,Gamma Inc,10006,4,JPY,FIXED ASSETS,DEPRECIATION,41816,41816,0,Match,
01-01-2025,Alpha Corp,10003,7,USD,INVESTMENTS,ACCOUNTS RECEIVABLE,34100,34100,0,Match,
01-01-2025,Zeta Group,10003,7,JPY,INVESTMENTS,ACCOUNTS RECEIVABLE,55100,55100,0,Match,
01-01-2025,Alpha Corp,10007,8,JPY,BONDS,INTEREST PAYABLE,73355,73355,0,Match,
01-01-2025,Gamma Inc,10009,9,EUR,PREPAID EXPENSES,UNBILLED REVENUE,16585,16585,0,Match,
02-01-2025,Beta Ltd,10010,10,USD,TAXES,ACCRUED LIABILITIES,85421,85421,0,Match,
02-01-2025,Beta Ltd,10010,10,GBP,TAXES,ACCRUED LIABILITIES,37760,37760,0,Match,
04-01-2025,Zeta Group,10007,8,CAD,BONDS,INTEREST PAYABLE,85676,85676,0,Match,
04-01-2025,Alpha Corp,10008,1,GBP,INVENTORY,COST OF GOODS SOLD,15065,15065,0,Match,
04-01-2025,Zeta Group,10008,1,CAD,INVENTORY,COST OF GOODS SOLD,177530,17753,159777,Break,
05-01-2025,Gamma Inc,10008,1,EUR,INVENTORY,COST OF GOODS SOLD,71306,71306,0,Match,
06-01-2025,Beta Ltd,10003,7,JPY,INVESTMENTS,ACCOUNTS RECEIVABLE,72639,72639,0,Match,
06-01-2025,Delta LLC,10005,6,EUR,REVENUE,EXPENSES,71148,71148,0,Match,
06-01-2025,Beta Ltd,10007,8,USD,BONDS,INTEREST PAYABLE,10339,10339,0,Match,
06-01-2025,Beta Ltd,10007,8,USD,BONDS,INTEREST PAYABLE,80698,80698,0,Match,
06-01-2025,Alpha Corp,10008,1,CAD,INVENTORY,COST OF GOODS SOLD,35442,35442,0,Match,
06-01-2025,Gamma Inc,10008,1,GBP,INVENTORY,COST OF GOODS SOLD,18601,18601,0,Match,
06-01-2025,Delta LLC,10009,9,EUR,PREPAID EXPENSES,UNBILLED REVENUE,68608,68608,0,Match,
06-01-2025,Delta LLC,10009,9,USD,PREPAID EXPENSES,UNBILLED REVENUE,60576,60576,0,Match,
07-01-2025,Zeta Group,10001,5,GBP,LOANS,DEFERRED COSTS,4245,4245,0,Match,
07-01-2025,Alpha Corp,10001,5,EUR,LOANS,DEFERRED COSTS,56098,56098,0,Match,
07-01-2025,Beta Ltd,10002,3,USD,CASH,ACCOUNTS PAYABLE,52032,52032,0,Match,
07-01-2025,Zeta Group,10002,3,JPY,CASH,ACCOUNTS PAYABLE,93087,93087,0,Match,
07-01-2025,Gamma Inc,10003,7,EUR,INVESTMENTS,ACCOUNTS RECEIVABLE,98512,98512,0,Match,
07-01-2025,Gamma Inc,10003,7,CAD,INVESTMENTS,ACCOUNTS RECEIVABLE,70466,70466,0,Match,
07-01-2025,Delta LLC,10009,9,CAD,PREPAID EXPENSES,UNBILLED REVENUE,73897,73897,0,Match,
07-01-2025,Zeta Group,10009,9,JPY,PREPAID EXPENSES,UNBILLED REVENUE,97609,97609,0,Match,
08-01-2025,Gamma Inc,10003,7,EUR,INVESTMENTS,ACCOUNTS RECEIVABLE,46125,46125,0,Match,
08-01-2025,Zeta Group,10003,7,GBP,INVESTMENTS,ACCOUNTS RECEIVABLE,94816,94816,0,Match,
08-01-2025,Delta LLC,10008,1,JPY,INVENTORY,COST OF GOODS SOLD,90268,90268,0,Match,
08-01-2025,Beta Ltd,10009,9,USD,PREPAID EXPENSES,UNBILLED REVENUE,86037,86037,0,Match,
09-01-2025,Delta LLC,10009,9,EUR,PREPAID EXPENSES,UNBILLED REVENUE,76596,76596,0,Match,
10-01-2025,Alpha Corp,10003,7,JPY,INVESTMENTS,ACCOUNTS RECEIVABLE,13177,13177,0,Match,
10-01-2025,Zeta Group,10006,4,EUR,FIXED ASSETS,DEPRECIATION,64529,64529,0,Match,
10-01-2025,Delta LLC,10006,4,EUR,FIXED ASSETS,DEPRECIATION,51385,51385,0,Match,
11-01-2025,Delta LLC,10001,5,CAD,LOANS,DEFERRED COSTS,2064,2064,0,Match,
11-01-2025,Beta Ltd,10007,8,USD,BONDS,INTEREST PAYABLE,29589,29589,0,Match,
11-01-2025,Gamma Inc,10010,10,JPY,TAXES,ACCRUED LIABILITIES,81938,81938,0,Match,
12-01-2025,Beta Ltd,10001,5,CAD,LOANS,DEFERRED COSTS,74111,74111,0,Match,
12-01-2025,Beta Ltd,10003,7,JPY,INVESTMENTS,ACCOUNTS RECEIVABLE,64684,64683.08,0.92,Break,
12-01-2025,Zeta Group,10006,4,USD,FIXED ASSETS,DEPRECIATION,93833,93833,0,Match,
12-01-2025,Beta Ltd,10007,8,EUR,BONDS,INTEREST PAYABLE,37910,37910,0,Match,
12-01-2025,Gamma Inc,10008,1,CAD,INVENTORY,COST OF GOODS SOLD,36642,36642,0,Match,
12-01-2025,Gamma Inc,10009,9,GBP,PREPAID EXPENSES,UNBILLED REVENUE,72841,72841,0,Match,
12-01-2025,Delta LLC,10009,9,EUR,PREPAID EXPENSES,UNBILLED REVENUE,40373,40373,0,Match,
12-01-2025,Beta Ltd,10010,10,GBP,TAXES,ACCRUED LIABILITIES,69681,69681,0,Match,
13-01-2025,Beta Ltd,10003,7,CAD,INVESTMENTS,ACCOUNTS RECEIVABLE,80179,80179,0,Match,
13-01-2025,Alpha Corp,10003,7,GBP,INVESTMENTS,ACCOUNTS RECEIVABLE,99709,99709,0,Match,
13-01-2025,Delta LLC,10005,6,EUR,REVENUE,EXPENSES,90209,90209,0,Match,
14-01-2025,Alpha Corp,10002,3,JPY,CASH,ACCOUNTS PAYABLE,21158,21158,0,Match,
15-01-2025,Zeta Group,10010,10,GBP,TAXES,ACCRUED LIABILITIES,21404,21404,0,Match,
16-01-2025,Beta Ltd,10004,2,CAD,EQUITY,RETAINED EARNINGS,2256,2256,0,Match,
16-01-2025,Beta Ltd,10004,2,USD,EQUITY,RETAINED EARNINGS,98749,98749,0,Match,
16-01-2025,Zeta Group,10005,6,CAD,REVENUE,EXPENSES,40767,40767,0,Match,
16-01-2025,Alpha Corp,10005,6,JPY,REVENUE,EXPENSES,92306,92306,0,Match,
16-01-2025,Gamma Inc,10006,4,GBP,FIXED ASSETS,DEPRECIATION,27866,27866,0,Match,
16-01-2025,Beta Ltd,10006,4,CAD,FIXED ASSETS,DEPRECIATION,66720,66720,0,Match,
16-01-2025,Zeta Group,10007,8,CAD,BONDS,INTEREST PAYABLE,31182,31182,0,Match,
16-01-2025,Beta Ltd,10009,9,USD,PREPAID EXPENSES,UNBILLED REVENUE,1621,1621,0,Match,
16-01-2025,Gamma Inc,10009,9,JPY,PREPAID EXPENSES,UNBILLED REVENUE,40646,40646,0,Match,
17-01-2025,Gamma Inc,10002,3,EUR,CASH,ACCOUNTS PAYABLE,85901,85901,0,Match,
17-01-2025,Zeta Group,10007,8,USD,BONDS,INTEREST PAYABLE,91041,91041,0,Match,
17-01-2025,Zeta Group,10007,8,GBP,BONDS,INTEREST PAYABLE,2535,72535,-70000,Break,
18-01-2025,Delta LLC,10004,2,CAD,EQUITY,RETAINED EARNINGS,69113,69113,0,Match,
18-01-2025,Zeta Group,10005,6,EUR,REVENUE,EXPENSES,10020,10020,0,Match,
19-01-2025,Gamma Inc,10002,3,JPY,CASH,ACCOUNTS PAYABLE,59039,59038.78,0.22,Break,
19-01-2025,Delta LLC,10002,3,EUR,CASH,ACCOUNTS PAYABLE,19665,19665,0,Match,
19-01-2025,Alpha Corp,10003,7,USD,INVESTMENTS,ACCOUNTS RECEIVABLE,31338,31338,0,Match,
19-01-2025,Alpha Corp,10003,7,GBP,INVESTMENTS,ACCOUNTS RECEIVABLE,794740,79474,715266,Break,
19-01-2025,Gamma Inc,10007,8,EUR,BONDS,INTEREST PAYABLE,49225,49225,0,Match,
19-01-2025,Delta LLC,10007,8,CAD,BONDS,INTEREST PAYABLE,39156,39156,0,Match,
19-01-2025,Delta LLC,10009,9,JPY,PREPAID EXPENSES,UNBILLED REVENUE,10409,10409,0,Match,
19-01-2025,Alpha Corp,10009,9,EUR,PREPAID EXPENSES,UNBILLED REVENUE,50130,50130,0,Match,
20-01-2025,Zeta Group,10001,5,JPY,LOANS,DEFERRED COSTS,33410,33410,0,Match,
20-01-2025,Zeta Group,10001,5,CAD,LOANS,DEFERRED COSTS,29590,29590,0,Match,
20-01-2025,Delta LLC,10003,7,EUR,INVESTMENTS,ACCOUNTS RECEIVABLE,12907,12907,0,Match,
20-01-2025,Gamma Inc,10004,2,CAD,EQUITY,RETAINED EARNINGS,42054,42054,0,Match,
20-01-2025,Alpha Corp,10004,2,GBP,EQUITY,RETAINED EARNINGS,19750,19750,0,Match,
20-01-2025,Alpha Corp,10007,8,CAD,BONDS,INTEREST PAYABLE,39993,39993,0,Match,
20-01-2025,Gamma Inc,10010,10,USD,TAXES,ACCRUED LIABILITIES,27174,27174,0,Match,
20-01-2025,Zeta Group,10010,10,CAD,TAXES,ACCRUED LIABILITIES,81030,81030,0,Match,
21-01-2025,Zeta Group,10004,2,USD,EQUITY,RETAINED EARNINGS,22199,22198,1,Break,
21-01-2025,Zeta Group,10009,9,CAD,PREPAID EXPENSES,UNBILLED REVENUE,13852,13852,0,Match,
21-01-2025,Beta Ltd,10009,9,JPY,PREPAID EXPENSES,UNBILLED REVENUE,41204,41204,0,Match,
22-01-2025,Delta LLC,10005,6,EUR,REVENUE,EXPENSES,51858,51858,0,Match,
22-01-2025,Zeta Group,10005,6,CAD,REVENUE,EXPENSES,63813,63813,0,Match,
22-01-2025,Delta LLC,10006,4,EUR,FIXED ASSETS,DEPRECIATION,50514,50514,0,Match,
22-01-2025,Delta LLC,10006,4,USD,FIXED ASSETS,DEPRECIATION,81980,81980,0,Match,
23-01-2025,Gamma Inc,10003,7,JPY,INVESTMENTS,ACCOUNTS RECEIVABLE,64403,64403,0,Match,
23-01-2025,Zeta Group,10003,7,EUR,INVESTMENTS,ACCOUNTS RECEIVABLE,61095,61095,0,Match,
24-01-2025,Alpha Corp,10004,2,EUR,EQUITY,RETAINED EARNINGS,57563,57563,0,Match,
24-01-2025,Beta Ltd,10004,2,EUR,EQUITY,RETAINED EARNINGS,93293,93293,0,Match,
24-01-2025,Gamma Inc,10005,6,JPY,REVENUE,EXPENSES,1159,1159,0,Match,
24-01-2025,Delta LLC,10005,6,USD,REVENUE,EXPENSES,41391,41391,0,Match,
25-01-2025,Delta LLC,10004,2,JPY,EQUITY,RETAINED EARNINGS,60918,60918,0,Match,
25-01-2025,Delta LLC,10005,6,CAD,REVENUE,EXPENSES,66593,66593,0,Match,
25-01-2025,Delta LLC,10005,6,GBP,REVENUE,EXPENSES,52345,52345,0,Match,
25-01-2025,Gamma Inc,10006,4,USD,FIXED ASSETS,DEPRECIATION,63763,63763,0,Match,
25-01-2025,Alpha Corp,10008,1,CAD,INVENTORY,COST OF GOODS SOLD,80167,80167,0,Match,
26-01-2025,Delta LLC,10003,7,USD,INVESTMENTS,ACCOUNTS RECEIVABLE,88865,88865,0,Match,
26-01-2025,Alpha Corp,10003,7,CAD,INVESTMENTS,ACCOUNTS RECEIVABLE,91230,91230,0,Match,
26-01-2025,Alpha Corp,10009,9,USD,PREPAID EXPENSES,UNBILLED REVENUE,70241,70246,-5,Break,
26-01-2025,Delta LLC,10009,9,EUR,PREPAID EXPENSES,UNBILLED REVENUE,39950,39950,0,Match,
26-01-2025,Alpha Corp,10010,10,CAD,TAXES,ACCRUED LIABILITIES,68680,68680,0,Match,
27-01-2025,Beta Ltd,10006,4,USD,FIXED ASSETS,DEPRECIATION,63541,63541,0,Match,
27-01-2025,Alpha Corp,10007,8,JPY,BONDS,INTEREST PAYABLE,5480,5480,0,Match,
27-01-2025,Alpha Corp,10008,1,GBP,INVENTORY,COST OF GOODS SOLD,51080,51080,0,Match,
28-01-2025,Zeta Group,10001,5,USD,LOANS,DEFERRED COSTS,61430,61430,0,Match,
28-01-2025,Gamma Inc,10001,5,EUR,LOANS,DEFERRED COSTS,53013,53013,0,Match,
28-01-2025,Beta Ltd,10002,3,EUR,CASH,ACCOUNTS PAYABLE,23333,23333,0,Match,
28-01-2025,Gamma Inc,10005,6,JPY,REVENUE,EXPENSES,35258,35258,0,Match,
28-01-2025,Delta LLC,10007,8,EUR,BONDS,INTEREST PAYABLE,90526,90526,0,Match,
28-01-2025,Zeta Group,10008,1,CAD,INVENTORY,COST OF GOODS SOLD,34466,34466,0,Match,
28-01-2025,Delta LLC,10009,9,EUR,PREPAID EXPENSES,UNBILLED REVENUE,25621,25621,0,Match,
29-01-2025,Delta LLC,10003,7,USD,INVESTMENTS,ACCOUNTS RECEIVABLE,8433,8433,0,Match,
29-01-2025,Alpha Corp,10003,7,EUR,INVESTMENTS,ACCOUNTS RECEIVABLE,18578,18578,0,Match,
29-01-2025,Zeta Group,10007,8,EUR,BONDS,INTEREST PAYABLE,28658,28658,0,Match,
29-01-2025,Alpha Corp,10007,8,CAD,BONDS,INTEREST PAYABLE,88497,88497,0,Match,
30-01-2025,Zeta Group,10002,3,EUR,CASH,ACCOUNTS PAYABLE,31589,31589,0,Match,
30-01-2025,Gamma Inc,10002,3,JPY,CASH,ACCOUNTS PAYABLE,36270,36270,0,Match,
30-01-2025,Beta Ltd,10006,4,USD,FIXED ASSETS,DEPRECIATION,87695,87695,0,Match,
30-01-2025,Zeta Group,10006,4,EUR,FIXED ASSETS,DEPRECIATION,58207,58207,0,Match,
31-01-2025,Gamma Inc,10001,5,USD,LOANS,DEFERRED COSTS,44987,84987,-40000,Break,
31-01-2025,Delta LLC,10002,3,GBP,CASH,ACCOUNTS PAYABLE,9541,9541,0,Match,
31-01-2025,Zeta Group,10002,3,JPY,CASH,ACCOUNTS PAYABLE,13071,13071,0,Match,
31-01-2025,Alpha Corp,10006,4,JPY,FIXED ASSETS,DEPRECIATION,67270,67270,0,Match,
31-01-2025,Gamma Inc,10007,8,CAD,BONDS,INTEREST PAYABLE,27018,27018,0,Match,
31-01-2025,Gamma Inc,10007,8,USD,BONDS,INTEREST PAYABLE,91000,91000,0,Match,
31-01-2025,Beta Ltd,10009,9,EUR,PREPAID EXPENSES,UNBILLED REVENUE,59837,59837,0,Match,
31-01-2025,Beta Ltd,10009,9,USD,PREPAID EXPENSES,UNBILLED REVENUE,30908,30908,0,Match,
01-02-2025,Beta Ltd,10002,3,CAD,CASH,ACCOUNTS PAYABLE,86019,86019,0,Match,
01-02-2025,Delta LLC,10003,7,EUR,INVESTMENTS,ACCOUNTS RECEIVABLE,49777,49777,0,Match,
01-02-2025,Gamma Inc,10005,6,USD,REVENUE,EXPENSES,86380,86380,0,Match,
02-02-2025,Delta LLC,10003,7,CAD,INVESTMENTS,ACCOUNTS RECEIVABLE,31936,31936,0,Match,
02-02-2025,Zeta Group,10003,7,CAD,INVESTMENTS,ACCOUNTS RECEIVABLE,25817,25817.42,-0.42,Break,
03-02-2025,Delta LLC,10001,5,USD,LOANS,DEFERRED COSTS,80424,88424,-8000,Break,
03-02-2025,Zeta Group,10002,3,USD,CASH,ACCOUNTS PAYABLE,18871,18871,0,Match,
03-02-2025,Zeta Group,10002,3,JPY,CASH,ACCOUNTS PAYABLE,5088,5088,0,Match,
03-02-2025,Alpha Corp,10003,7,EUR,INVESTMENTS,ACCOUNTS RECEIVABLE,82420,82420,0,Match,
03-02-2025,Beta Ltd,10003,7,GBP,INVESTMENTS,ACCOUNTS RECEIVABLE,37227,37227,0,Match,
03-02-2025,Gamma Inc,10007,8,EUR,BONDS,INTEREST PAYABLE,12578,12578,0,Match,
04-02-2025,Gamma Inc,10001,5,CAD,LOANS,DEFERRED COSTS,32792,32792,0,Match,
04-02-2025,Zeta Group,10002,3,USD,CASH,ACCOUNTS PAYABLE,50499,50499,0,Match,
04-02-2025,Beta Ltd,10002,3,USD,CASH,ACCOUNTS PAYABLE,91280,91280,0,Match,
04-02-2025,Gamma Inc,10003,7,CAD,INVESTMENTS,ACCOUNTS RECEIVABLE,41517,41517.72,-0.72,Break,
05-02-2025,Alpha Corp,10008,1,CAD,INVENTORY,COST OF GOODS SOLD,16645,16645,0,Match,
05-02-2025,Delta LLC,10009,9,USD,PREPAID EXPENSES,UNBILLED REVENUE,2818,2818.57,-0.57,Break,
05-02-2025,Delta LLC,10009,9,GBP,PREPAID EXPENSES,UNBILLED REVENUE,69944,69944,0,Match,
06-02-2025,Beta Ltd,10009,9,GBP,PREPAID EXPENSES,UNBILLED REVENUE,63261,63261,0,Match,
06-02-2025,Delta LLC,10009,9,USD,PREPAID EXPENSES,UNBILLED REVENUE,58195,58195,0,Match,
06-02-2025,Alpha Corp,10010,10,JPY,TAXES,ACCRUED LIABILITIES,8203,8203,0,Match,
06-02-2025,Beta Ltd,10010,10,USD,TAXES,ACCRUED LIABILITIES,15357,15357,0,Match,
07-02-2025,Beta Ltd,10009,9,GBP,PREPAID EXPENSES,UNBILLED REVENUE,62323,62323,0,Match,
07-02-2025,Beta Ltd,10009,9,USD,PREPAID EXPENSES,UNBILLED REVENUE,88989,88989,0,Match,
07-02-2025,Gamma Inc,10010,10,CAD,TAXES,ACCRUED LIABILITIES,75770,75770,0,Match,
08-02-2025,Zeta Group,10001,5,USD,LOANS,DEFERRED COSTS,3874,3874,0,Match,
08-02-2025,Delta LLC,10001,5,GBP,LOANS,DEFERRED COSTS,30153,30157,-4,Break,
09-02-2025,Alpha Corp,10002,3,JPY,CASH,ACCOUNTS PAYABLE,1190,1190,0,Match,
09-02-2025,Zeta Group,10003,7,CAD,INVESTMENTS,ACCOUNTS RECEIVABLE,39012,39012,0,Match,
09-02-2025,Beta Ltd,10003,7,GBP,INVESTMENTS,ACCOUNTS RECEIVABLE,24094,24094,0,Match,
09-02-2025,Gamma Inc,10008,1,CAD,INVENTORY,COST OF GOODS SOLD,64922,64922,0,Match,
09-02-2025,Beta Ltd,10009,9,USD,PREPAID EXPENSES,UNBILLED REVENUE,94730,94730,0,Match,
09-02-2025,Zeta Group,10009,9,EUR,PREPAID EXPENSES,UNBILLED REVENUE,48971,48971,0,Match,
10-02-2025,Alpha Corp,10002,3,USD,CASH,ACCOUNTS PAYABLE,24836,24836,0,Match,
10-02-2025,Zeta Group,10003,7,EUR,INVESTMENTS,ACCOUNTS RECEIVABLE,48550,48550,0,Match,
10-02-2025,Delta LLC,10007,8,CAD,BONDS,INTEREST PAYABLE,28289,28289,0,Match,
10-02-2025,Delta LLC,10007,8,USD,BONDS,INTEREST PAYABLE,44565,44565,0,Match,
11-02-2025,Alpha Corp,10001,5,USD,LOANS,DEFERRED COSTS,40184,40184,0,Match,
11-02-2025,Zeta Group,10005,6,EUR,REVENUE,EXPENSES,78025,78025,0,Match,
11-02-2025,Beta Ltd,10005,6,CAD,REVENUE,EXPENSES,79366,79366,0,Match,
11-02-2025,Delta LLC,10008,1,EUR,INVENTORY,COST OF GOODS SOLD,73568,73568,0,Match,
11-02-2025,Alpha Corp,10010,10,JPY,TAXES,ACCRUED LIABILITIES,1056,1055.84,0.16,Break,
11-02-2025,Delta LLC,10010,10,CAD,TAXES,ACCRUED LIABILITIES,83472,83472,0,Match,
12-02-2025,Delta LLC,10004,2,JPY,EQUITY,RETAINED EARNINGS,28849,28849,0,Match,
12-02-2025,Zeta Group,10004,2,EUR,EQUITY,RETAINED EARNINGS,73061,73061,0,Match,
12-02-2025,Beta Ltd,10010,10,USD,TAXES,ACCRUED LIABILITIES,8581,8581,0,Match,
13-02-2025,Alpha Corp,10001,5,EUR,LOANS,DEFERRED COSTS,65258,65258,0,Match,
13-02-2025,Zeta Group,10001,5,GBP,LOANS,DEFERRED COSTS,98532,98532,0,Match,
13-02-2025,Gamma Inc,10009,9,CAD,PREPAID EXPENSES,UNBILLED REVENUE,41305,41305,0,Match,
13-02-2025,Zeta Group,10009,9,EUR,PREPAID EXPENSES,UNBILLED REVENUE,71406,71406,0,Match,
14-02-2025,Gamma Inc,10001,5,CAD,LOANS,DEFERRED COSTS,90855,90855,0,Match,
14-02-2025,Alpha Corp,10001,5,USD,LOANS,DEFERRED COSTS,30655,30655,0,Match,
14-02-2025,Delta LLC,10003,7,GBP,INVESTMENTS,ACCOUNTS RECEIVABLE,23138,23138,0,Match,
14-02-2025,Beta Ltd,10006,4,JPY,FIXED ASSETS,DEPRECIATION,10015,10015,0,Match,
14-02-2025,Alpha Corp,10009,9,GBP,PREPAID EXPENSES,UNBILLED REVENUE,28804,28804,0,Match,
14-02-2025,Zeta Group,10009,9,USD,PREPAID EXPENSES,UNBILLED REVENUE,25463,25463,0,Match,
15-02-2025,Beta Ltd,10002,3,GBP,CASH,ACCOUNTS PAYABLE,57078,57076,2,Break,
15-02-2025,Beta Ltd,10002,3,CAD,CASH,ACCOUNTS PAYABLE,78273,78273,0,Match,
15-02-2025,Beta Ltd,10003,7,JPY,INVESTMENTS,ACCOUNTS RECEIVABLE,11567,11567,0,Match,
15-02-2025,Beta Ltd,10004,2,GBP,EQUITY,RETAINED EARNINGS,74595,74595,0,Match,
15-02-2025,Gamma Inc,10005,6,EUR,REVENUE,EXPENSES,18307,18307,0,Match,
15-02-2025,Alpha Corp,10009,9,GBP,PREPAID EXPENSES,UNBILLED REVENUE,84644,84644,0,Match,
15-02-2025,Zeta Group,10009,9,USD,PREPAID EXPENSES,UNBILLED REVENUE,55221,55221,0,Match,
16-02-2025,Delta LLC,10001,5,EUR,LOANS,DEFERRED COSTS,41361,41361,0,Match,
16-02-2025,Delta LLC,10007,8,CAD,BONDS,INTEREST PAYABLE,57808,57808,0,Match,
16-02-2025,Beta Ltd,10009,9,GBP,PREPAID EXPENSES,UNBILLED REVENUE,68889,68889,0,Match,
17-02-2025,Gamma Inc,10004,2,GBP,EQUITY,RETAINED EARNINGS,64974,64974,0,Match,
17-02-2025,Delta LLC,10004,2,CAD,EQUITY,RETAINED EARNINGS,63546,63546,0,Match,
17-02-2025,Gamma Inc,10009,9,USD,PREPAID EXPENSES,UNBILLED REVENUE,28456,28458,-2,Break,
17-02-2025,Alpha Corp,10009,9,EUR,PREPAID EXPENSES,UNBILLED REVENUE,96344,96344,0,Match,
18-02-2025,Gamma Inc,10005,6,CAD,REVENUE,EXPENSES,10584,10584,0,Match,
18-02-2025,Gamma Inc,10007,8,CAD,BONDS,INTEREST PAYABLE,44096,44096,0,Match,
18-02-2025,Zeta Group,10007,8,USD,BONDS,INTEREST PAYABLE,94074,94074,0,Match,
19-02-2025,Gamma Inc,10007,8,CAD,BONDS,INTEREST PAYABLE,37319,37319,0,Match,
19-02-2025,Gamma Inc,10009,9,USD,PREPAID EXPENSES,UNBILLED REVENUE,20473,20473,0,Match,
19-02-2025,Alpha Corp,10010,10,CAD,TAXES,ACCRUED LIABILITIES,37092,37092,0,Match,
20-02-2025,Gamma Inc,10008,1,EUR,INVENTORY,COST OF GOODS SOLD,58513,58513,0,Match,
20-02-2025,Beta Ltd,10008,1,JPY,INVENTORY,COST OF GOODS SOLD,33666,33666,0,Match,
21-02-2025,Delta LLC,10002,3,GBP,CASH,ACCOUNTS PAYABLE,29239,29239,0,Match,
21-02-2025,Delta LLC,10002,3,JPY,CASH,ACCOUNTS PAYABLE,13435,13435,0,Match,
21-02-2025,Alpha Corp,10007,8,CAD,BONDS,INTEREST PAYABLE,25235,25235,0,Match,
21-02-2025,Zeta Group,10010,10,CAD,TAXES,ACCRUED LIABILITIES,62416,62416,0,Match,
22-02-2025,Zeta Group,10002,3,GBP,CASH,ACCOUNTS PAYABLE,89272,89272,0,Match,
22-02-2025,Beta Ltd,10002,3,JPY,CASH,ACCOUNTS PAYABLE,95430,95430,0,Match,
22-02-2025,Zeta Group,10004,2,JPY,EQUITY,RETAINED EARNINGS,51871,51871,0,Match,
22-02-2025,Beta Ltd,10004,2,CAD,EQUITY,RETAINED EARNINGS,7188,7188,0,Match,
22-02-2025,Alpha Corp,10005,6,CAD,REVENUE,EXPENSES,44172,44172,0,Match,
22-02-2025,Alpha Corp,10006,4,GBP,FIXED ASSETS,DEPRECIATION,41432,41432,0,Match,
22-02-2025,Beta Ltd,10006,4,CAD,FIXED ASSETS,DEPRECIATION,93919,93919,0,Match,
22-02-2025,Beta Ltd,10007,8,EUR,BONDS,INTEREST PAYABLE,21339,21339,0,Match,
22-02-2025,Delta LLC,10007,8,GBP,BONDS,INTEREST PAYABLE,95579,95579,0,Match,
22-02-2025,Gamma Inc,10008,1,GBP,INVENTORY,COST OF GOODS SOLD,88183,88183,0,Match,
22-02-2025,Alpha Corp,10008,1,GBP,INVENTORY,COST OF GOODS SOLD,43042,43042.54,-0.54,Break,
23-02-2025,Zeta Group,10001,5,EUR,LOANS,DEFERRED COSTS,24448,24448,0,Match,
23-02-2025,Alpha Corp,10002,3,USD,CASH,ACCOUNTS PAYABLE,9512,9512,0,Match,
23-02-2025,Zeta Group,10008,1,EUR,INVENTORY,COST OF GOODS SOLD,96390,96390,0,Match,
23-02-2025,Gamma Inc,10008,1,USD,INVENTORY,COST OF GOODS SOLD,64309,64309,0,Match,
24-02-2025,Gamma Inc,10001,5,EUR,LOANS,DEFERRED COSTS,17441,17441,0,Match,
24-02-2025,Alpha Corp,10001,5,GBP,LOANS,DEFERRED COSTS,60925,60925,0,Match,
24-02-2025,Zeta Group,10002,3,GBP,CASH,ACCOUNTS PAYABLE,69628,69628,0,Match,
24-02-2025,Zeta Group,10003,7,EUR,INVESTMENTS,ACCOUNTS RECEIVABLE,36407,36407,0,Match,
24-02-2025,Delta LLC,10008,1,GBP,INVENTORY,COST OF GOODS SOLD,47113,47113,0,Match,
24-02-2025,Delta LLC,10010,10,USD,TAXES,ACCRUED LIABILITIES,2093,20931,-18838,Break,
24-02-2025,Alpha Corp,10010,10,JPY,TAXES,ACCRUED LIABILITIES,36723,36723,0,Match,
25-02-2025,Delta LLC,10001,5,JPY,LOANS,DEFERRED COSTS,28235,28235,0,Match,
25-02-2025,Alpha Corp,10001,5,EUR,LOANS,DEFERRED COSTS,54455,54455,0,Match,
25-02-2025,Delta LLC,10005,6,GBP,REVENUE,EXPENSES,73326,73326,0,Match,
25-02-2025,Alpha Corp,10005,6,GBP,REVENUE,EXPENSES,99884,99884,0,Match,
25-02-2025,Beta Ltd,10010,10,JPY,TAXES,ACCRUED LIABILITIES,55677,55676.23,0.77,Break,
26-02-2025,Zeta Group,10002,3,GBP,CASH,ACCOUNTS PAYABLE,65097,65097,0,Match,
26-02-2025,Beta Ltd,10003,7,GBP,INVESTMENTS,ACCOUNTS RECEIVABLE,66095,66095,0,Match,
26-02-2025,Gamma Inc,10004,2,JPY,EQUITY,RETAINED EARNINGS,69801,69801,0,Match,
26-02-2025,Beta Ltd,10004,2,USD,EQUITY,RETAINED EARNINGS,5661,5661.78,-0.78,Break,
27-02-2025,Delta LLC,10008,1,CAD,INVENTORY,COST OF GOODS SOLD,49825,49825,0,Match,
27-02-2025,Zeta Group,10009,9,GBP,PREPAID EXPENSES,UNBILLED REVENUE,44838,44838,0,Match,
28-02-2025,Gamma Inc,10001,5,USD,LOANS,DEFERRED COSTS,30906,30906,0,Match,
28-02-2025,Beta Ltd,10001,5,CAD,LOANS,DEFERRED COSTS,28908,28908,0,Match,
28-02-2025,Alpha Corp,10008,1,USD,INVENTORY,COST OF GOODS SOLD,88988,88988,0,Match,
28-02-2025,Beta Ltd,10008,1,CAD,INVENTORY,COST OF GOODS SOLD,87227,87227,0,Match,
01-03-2025,Zeta Group,10001,5,JPY,LOANS,DEFERRED COSTS,21642,21642.89,-0.89,Break,
01-03-2025,Alpha Corp,10003,7,CAD,INVESTMENTS,ACCOUNTS RECEIVABLE,87625,87625,0,Match,
01-03-2025,Zeta Group,10003,7,JPY,INVESTMENTS,ACCOUNTS RECEIVABLE,25303,25303,0,Match,
01-03-2025,Alpha Corp,10004,2,GBP,EQUITY,RETAINED EARNINGS,53637,53637,0,Match,
01-03-2025,Beta Ltd,10004,2,USD,EQUITY,RETAINED EARNINGS,76147,76147,0,Match,
01-03-2025,Beta Ltd,10008,1,EUR,INVENTORY,COST OF GOODS SOLD,14850,14850,0,Match,
02-03-2025,Zeta Group,10010,10,EUR,TAXES,ACCRUED LIABILITIES,88638,88638,0,Match,
02-03-2025,Gamma Inc,10010,10,JPY,TAXES,ACCRUED LIABILITIES,76251,76251,0,Match,
03-03-2025,Zeta Group,10003,7,GBP,INVESTMENTS,ACCOUNTS RECEIVABLE,56887,56887,0,Match,
03-03-2025,Zeta Group,10004,2,JPY,EQUITY,RETAINED EARNINGS,343180,34318,308862,Break,
03-03-2025,Alpha Corp,10008,1,EUR,INVENTORY,COST OF GOODS SOLD,92989,92989,0,Match,
04-03-2025,Beta Ltd,10003,7,JPY,INVESTMENTS,ACCOUNTS RECEIVABLE,92405,92405,0,Match,
04-03-2025,Beta Ltd,10003,7,USD,INVESTMENTS,ACCOUNTS RECEIVABLE,12370,12370,0,Match,
04-03-2025,Zeta Group,10005,6,GBP,REVENUE,EXPENSES,34283,34283,0,Match,
04-03-2025,Gamma Inc,10007,8,EUR,BONDS,INTEREST PAYABLE,14465,14465,0,Match,
04-03-2025,Zeta Group,10007,8,USD,BONDS,INTEREST PAYABLE,17839,17839,0,Match,
04-03-2025,Gamma Inc,10009,9,USD,PREPAID EXPENSES,UNBILLED REVENUE,91414,91414,0,Match,
05-03-2025,Alpha Corp,10004,2,GBP,EQUITY,RETAINED EARNINGS,60200,60200,0,Match,
05-03-2025,Zeta Group,10004,2,GBP,EQUITY,RETAINED EARNINGS,12202,12202,0,Match,
05-03-2025,Beta Ltd,10005,6,GBP,REVENUE,EXPENSES,70261,70261,0,Match,
05-03-2025,Beta Ltd,10005,6,USD,REVENUE,EXPENSES,82031,82031,0,Match,
05-03-2025,Gamma Inc,10008,1,CAD,INVENTORY,COST OF GOODS SOLD,23949,23949,0,Match,
05-03-2025,Zeta Group,10009,9,CAD,PREPAID EXPENSES,UNBILLED REVENUE,69214,69214,0,Match,
05-03-2025,Delta LLC,10009,9,GBP,PREPAID EXPENSES,UNBILLED REVENUE,955260,95526,859734,Break,
05-03-2025,Beta Ltd,10010,10,CAD,TAXES,ACCRUED LIABILITIES,39634,39634,0,Match,
05-03-2025,Delta LLC,10010,10,CAD,TAXES,ACCRUED LIABILITIES,59398,59398,0,Match,
06-03-2025,Zeta Group,10001,5,USD,LOANS,DEFERRED COSTS,65192,65192,0,Match,
06-03-2025,Zeta Group,10001,5,USD,LOANS,DEFERRED COSTS,34617,34617,0,Match,
07-03-2025,Beta Ltd,10002,3,USD,CASH,ACCOUNTS PAYABLE,94354,94354,0,Match,
07-03-2025,Gamma Inc,10002,3,GBP,CASH,ACCOUNTS PAYABLE,79924,79924,0,Match,
07-03-2025,Gamma Inc,10009,9,EUR,PREPAID EXPENSES,UNBILLED REVENUE,31038,31038,0,Match,
08-03-2025,Delta LLC,10002,3,JPY,CASH,ACCOUNTS PAYABLE,42574,42574,0,Match,
08-03-2025,Gamma Inc,10008,1,CAD,INVENTORY,COST OF GOODS SOLD,10250,10250,0,Match,
08-03-2025,Beta Ltd,10008,1,USD,INVENTORY,COST OF GOODS SOLD,8480,8480,0,Match,
08-03-2025,Gamma Inc,10009,9,USD,PREPAID EXPENSES,UNBILLED REVENUE,18075,18075,0,Match,
08-03-2025,Gamma Inc,10010,10,GBP,TAXES,ACCRUED LIABILITIES,34836,34836,0,Match,
08-03-2025,Zeta Group,10010,10,USD,TAXES,ACCRUED LIABILITIES,90636,90636,0,Match,
09-03-2025,Alpha Corp,10001,5,JPY,LOANS,DEFERRED COSTS,89407,89407,0,Match,
09-03-2025,Zeta Group,10001,5,CAD,LOANS,DEFERRED COSTS,95176,95176,0,Match,
09-03-2025,Delta LLC,10003,7,JPY,INVESTMENTS,ACCOUNTS RECEIVABLE,38964,38964,0,Match,
09-03-2025,Delta LLC,10003,7,EUR,INVESTMENTS,ACCOUNTS RECEIVABLE,55572,55572.49,-0.49,Break,
09-03-2025,Delta LLC,10004,2,GBP,EQUITY,RETAINED EARNINGS,52096,52096,0,Match,
09-03-2025,Beta Ltd,10004,2,CAD,EQUITY,RETAINED EARNINGS,97571,97571,0,Match,
09-03-2025,Beta Ltd,10009,9,USD,PREPAID EXPENSES,UNBILLED REVENUE,61215,61215,0,Match,
10-03-2025,Gamma Inc,10002,3,GBP,CASH,ACCOUNTS PAYABLE,21344,21344,0,Match,
10-03-2025,Alpha Corp,10008,1,USD,INVENTORY,COST OF GOODS SOLD,83059,83059,0,Match,
10-03-2025,Gamma Inc,10009,9,CAD,PREPAID EXPENSES,UNBILLED REVENUE,98221,98221,0,Match,
10-03-2025,Beta Ltd,10009,9,CAD,PREPAID EXPENSES,UNBILLED REVENUE,63436,63436,0,Match,
11-03-2025,Zeta Group,10001,5,JPY,LOANS,DEFERRED COSTS,59877,59877,0,Match,
11-03-2025,Alpha Corp,10001,5,GBP,LOANS,DEFERRED COSTS,80414,80414,0,Match,
11-03-2025,Delta LLC,10004,2,CAD,EQUITY,RETAINED EARNINGS,3713,3713,0,Match,
11-03-2025,Zeta Group,10009,9,GBP,PREPAID EXPENSES,UNBILLED REVENUE,85775,85765,10,Break,
12-03-2025,Beta Ltd,10003,7,USD,INVESTMENTS,ACCOUNTS RECEIVABLE,16812,16812,0,Match,
12-03-2025,Delta LLC,10003,7,GBP,INVESTMENTS,ACCOUNTS RECEIVABLE,76345,76345,0,Match,
12-03-2025,Delta LLC,10008,1,USD,INVENTORY,COST OF GOODS SOLD,93782,93782,0,Match,
12-03-2025,Gamma Inc,10008,1,GBP,INVENTORY,COST OF GOODS SOLD,1904,1904,0,Match,
12-03-2025,Beta Ltd,10009,9,JPY,PREPAID EXPENSES,UNBILLED REVENUE,9622,9622,0,Match,
12-03-2025,Beta Ltd,10009,9,EUR,PREPAID EXPENSES,UNBILLED REVENUE,3434,3434,0,Match,
13-03-2025,Gamma Inc,10003,7,EUR,INVESTMENTS,ACCOUNTS RECEIVABLE,98307,98307,0,Match,
13-03-2025,Gamma Inc,10007,8,CAD,BONDS,INTEREST PAYABLE,58173,58173,0,Match,
13-03-2025,Gamma Inc,10009,9,JPY,PREPAID EXPENSES,UNBILLED REVENUE,76650,76650,0,Match,
13-03-2025,Zeta Group,10009,9,CAD,PREPAID EXPENSES,UNBILLED REVENUE,78028,78028,0,Match,
13-03-2025,Zeta Group,10010,10,EUR,TAXES,ACCRUED LIABILITIES,96852,96852,0,Match,
14-03-2025,Delta LLC,10002,3,GBP,CASH,ACCOUNTS PAYABLE,76036,76036,0,Match,
14-03-2025,Delta LLC,10007,8,JPY,BONDS,INTEREST PAYABLE,13398,13398,0,Match,
14-03-2025,Delta LLC,10007,8,USD,BONDS,INTEREST PAYABLE,16696,16696,0,Match,
14-03-2025,Alpha Corp,10008,1,EUR,INVENTORY,COST OF GOODS SOLD,58584,58584,0,Match,
15-03-2025,Delta LLC,10001,5,JPY,LOANS,DEFERRED COSTS,63354,63349,5,Break,
15-03-2025,Beta Ltd,10001,5,EUR,LOANS,DEFERRED COSTS,98133,98133,0,Match,
15-03-2025,Gamma Inc,10002,3,USD,CASH,ACCOUNTS PAYABLE,77864,77864,0,Match,
15-03-2025,Gamma Inc,10002,3,EUR,CASH,ACCOUNTS PAYABLE,86887,86887.42,-0.42,Break,
15-03-2025,Zeta Group,10006,4,CAD,FIXED ASSETS,DEPRECIATION,62214,62214,0,Match,
15-03-2025,Zeta Group,10006,4,JPY,FIXED ASSETS,DEPRECIATION,12884,12884,0,Match,
16-03-2025,Beta Ltd,10005,6,USD,REVENUE,EXPENSES,6372,6372,0,Match,
16-03-2025,Alpha Corp,10005,6,GBP,REVENUE,EXPENSES,86364,86364,0,Match,
16-03-2025,Beta Ltd,10006,4,CAD,FIXED ASSETS,DEPRECIATION,40032,40032,0,Match,
16-03-2025,Alpha Corp,10009,9,GBP,PREPAID EXPENSES,UNBILLED REVENUE,39171,39171,0,Match,
17-03-2025,Beta Ltd,10004,2,JPY,EQUITY,RETAINED EARNINGS,87322,87322,0,Match,
17-03-2025,Delta LLC,10007,8,EUR,BONDS,INTEREST PAYABLE,43983,43983,0,Match,
17-03-2025,Gamma Inc,10007,8,GBP,BONDS,INTEREST PAYABLE,67632,67632,0,Match,
17-03-2025,Delta LLC,10009,9,EUR,PREPAID EXPENSES,UNBILLED REVENUE,4354,4354,0,Match,
18-03-2025,Delta LLC,10003,7,EUR,INVESTMENTS,ACCOUNTS RECEIVABLE,57398,57398,0,Match,
18-03-2025,Delta LLC,10007,8,EUR,BONDS,INTEREST PAYABLE,6475,64751,-58276,Break,
18-03-2025,Delta LLC,10008,1,EUR,INVENTORY,COST OF GOODS SOLD,17280,17280,0,Match,
19-03-2025,Zeta Group,10001,5,USD,LOANS,DEFERRED COSTS,97403,97402,1,Break,
19-03-2025,Delta LLC,10002,3,CAD,CASH,ACCOUNTS PAYABLE,63815,63815,0,Match,
19-03-2025,Beta Ltd,10002,3,GBP,CASH,ACCOUNTS PAYABLE,58184,58184,0,Match,
19-03-2025,Zeta Group,10003,7,EUR,INVESTMENTS,ACCOUNTS RECEIVABLE,23488,23488,0,Match,
19-03-2025,Beta Ltd,10009,9,GBP,PREPAID EXPENSES,UNBILLED REVENUE,86775,86775,0,Match,
19-03-2025,Alpha Corp,10009,9,CAD,PREPAID EXPENSES,UNBILLED REVENUE,49809,49809,0,Match,
19-03-2025,Alpha Corp,10010,10,EUR,TAXES,ACCRUED LIABILITIES,65535,65535,0,Match,
20-03-2025,Alpha Corp,10008,1,USD,INVENTORY,COST OF GOODS SOLD,56485,56485,0,Match,
21-03-2025,Delta LLC,10005,6,GBP,REVENUE,EXPENSES,71476,71476,0,Match,
21-03-2025,Beta Ltd,10005,6,JPY,REVENUE,EXPENSES,2836,2836,0,Match,
21-03-2025,Beta Ltd,10006,4,USD,FIXED ASSETS,DEPRECIATION,7043,7043,0,Match,
21-03-2025,Delta LLC,10007,8,EUR,BONDS,INTEREST PAYABLE,41992,41992,0,Match,
21-03-2025,Alpha Corp,10007,8,JPY,BONDS,INTEREST PAYABLE,49825,49825,0,Match,
21-03-2025,Zeta Group,10008,1,GBP,INVENTORY,COST OF GOODS SOLD,51098,51098,0,Match,
21-03-2025,Alpha Corp,10008,1,JPY,INVENTORY,COST OF GOODS SOLD,88352,88352,0,Match,
21-03-2025,Beta Ltd,10010,10,USD,TAXES,ACCRUED LIABILITIES,56654,56653.41,0.59,Break,
22-03-2025,Zeta Group,10004,2,EUR,EQUITY,RETAINED EARNINGS,26255,26255,0,Match,
22-03-2025,Beta Ltd,10005,6,GBP,REVENUE,EXPENSES,34277,34277,0,Match,
22-03-2025,Beta Ltd,10005,6,EUR,REVENUE,EXPENSES,75320,7532,67788,Break,
22-03-2025,Delta LLC,10006,4,USD,FIXED ASSETS,DEPRECIATION,43106,43106,0,Match,
22-03-2025,Alpha Corp,10006,4,EUR,FIXED ASSETS,DEPRECIATION,27996,27996,0,Match,
22-03-2025,Gamma Inc,10007,8,USD,BONDS,INTEREST PAYABLE,9494,9494,0,Match,
22-03-2025,Zeta Group,10010,10,EUR,TAXES,ACCRUED LIABILITIES,60634,60634,0,Match,
23-03-2025,Zeta Group,10002,3,USD,CASH,ACCOUNTS PAYABLE,79115,79115,0,Match,
23-03-2025,Beta Ltd,10003,7,CAD,INVESTMENTS,ACCOUNTS RECEIVABLE,82695,82695,0,Match,
23-03-2025,Gamma Inc,10003,7,EUR,INVESTMENTS,ACCOUNTS RECEIVABLE,53076,53076,0,Match,
23-03-2025,Beta Ltd,10004,2,GBP,EQUITY,RETAINED EARNINGS,34299,34299,0,Match,
23-03-2025,Beta Ltd,10005,6,CAD,REVENUE,EXPENSES,5062,5062,0,Match,
23-03-2025,Beta Ltd,10008,1,USD,INVENTORY,COST OF GOODS SOLD,79251,79251,0,Match,
23-03-2025,Delta LLC,10009,9,EUR,PREPAID EXPENSES,UNBILLED REVENUE,94419,94419,0,Match,
23-03-2025,Alpha Corp,10009,9,USD,PREPAID EXPENSES,UNBILLED REVENUE,19462,19462,0,Match,
23-03-2025,Beta Ltd,10010,10,JPY,TAXES,ACCRUED LIABILITIES,62904,62904,0,Match,
23-03-2025,Delta LLC,10010,10,EUR,TAXES,ACCRUED LIABILITIES,65842,65842,0,Match,
24-03-2025,Zeta Group,10001,5,USD,LOANS,DEFERRED COSTS,85504,85504,0,Match,
24-03-2025,Beta Ltd,10004,2,GBP,EQUITY,RETAINED EARNINGS,65414,65414,0,Match,
24-03-2025,Beta Ltd,10007,8,USD,BONDS,INTEREST PAYABLE,90197,90197,0,Match,
24-03-2025,Beta Ltd,10007,8,EUR,BONDS,INTEREST PAYABLE,79331,79331,0,Match,
24-03-2025,Zeta Group,10009,9,GBP,PREPAID EXPENSES,UNBILLED REVENUE,69328,69328,0,Match,
24-03-2025,Gamma Inc,10009,9,GBP,PREPAID EXPENSES,UNBILLED REVENUE,62899,62899,0,Match,
